<?xml version="1.0" encoding="UTF-8"?>
<metadata xml:lang="en"><Esri><CreaDate>20190627</CreaDate><CreaTime>14491300</CreaTime><SyncOnce>FALSE</SyncOnce><SyncDate>20190613</SyncDate><SyncTime>15230500</SyncTime><ModDate>20190613</ModDate><ModTime>15230500</ModTime><DataProperties><lineage><Process ToolSource="C:\Program Files\ArcGIS\ArcToolbox\Toolboxes\Data Management Tools.tbx\Append" Date="20090320" Time="091824">Append H:\GROUPS\EVERYONE\Mdeaton\TopoEdit\ND_Frame_13e.shp "Database Connections\sdeDirect@RDS-SQL.sde\AFSsde.GISADMIN.z13\AFSsde.GISADMIN.Frame_13" NO_TEST "S_FIPS 'S_FIPS' true false false 4 Long 0 10 ,First,#;St_FIPS 'St_FIPS' true false false 5 Text 0 0 ,First,#;C_FIPS 'C_FIPS' true false false 5 Text 0 0 ,First,#,H:\GROUPS\EVERYONE\Mdeaton\TopoEdit\ND_Frame_13e.shp,COUNTY,-1,-1;PSU 'PSU' true false false 4 Long 0 10 ,First,#,H:\GROUPS\EVERYONE\Mdeaton\TopoEdit\ND_Frame_13e.shp,PSU,-1,-1;Strata 'Strata' true true false 2 Short 0 5 ,First,#,H:\GROUPS\EVERYONE\Mdeaton\TopoEdit\ND_Frame_13e.shp,STRATA,-1,-1;PSU_Acres 'Acres' true false false 8 Double 3 12 ,First,#,H:\GROUPS\EVERYONE\Mdeaton\TopoEdit\ND_Frame_13e.shp,ACRES,-1,-1;PSU_Area 'Area' true false false 8 Double 3 12 ,First,#,H:\GROUPS\EVERYONE\Mdeaton\TopoEdit\ND_Frame_13e.shp,AREA,-1,-1;PSU_segs 'PSU_segs' true false false 4 Long 0 10 ,First,#;PSU_sel 'PSU_sel' true false false 2 Text 0 0 ,First,#;X_coord 'X_coord' true false false 8 Double 3 12 ,First,#,H:\GROUPS\EVERYONE\Mdeaton\TopoEdit\ND_Frame_13e.shp,X_COORD,-1,-1;Y_coord 'Y_coord' true false false 8 Double 3 12 ,First,#,H:\GROUPS\EVERYONE\Mdeaton\TopoEdit\ND_Frame_13e.shp,Y_COORD,-1,-1;County 'County' true false false 23 Text 0 0 ,First,#,H:\GROUPS\EVERYONE\Mdeaton\TopoEdit\ND_Frame_13e.shp,COUNTY,-1,-1;SHAPE.area 'SHAPE.area' false false true 0 Double 0 0 ,First,#;SHAPE.len 'SHAPE.len' false false true 0 Double 0 0 ,First,#" "North Dakota" "Database Connections\sdeDirect@RDS-SQL.sde\AFSsde.GISADMIN.z13\AFSsde.GISADMIN.Frame_13"</Process><Process ToolSource="C:\Program Files\ArcGIS\ArcToolbox\Toolboxes\Data Management Tools.tbx\Append" Date="20090401" Time="104625">Append H:\GROUPS\EVERYONE\Jeff\Frames_for_Migration\wy13_Frame.shp Frame_13 NO_TEST "S_FIPS 'S_FIPS' true false false 4 Long 0 10 ,First,#;St_FIPS 'St_FIPS' true false false 5 Text 0 0 ,First,#;C_FIPS 'C_FIPS' true false false 5 Text 0 0 ,First,#,H:\GROUPS\EVERYONE\Jeff\Frames_for_Migration\wy13_Frame.shp,COUNTY,-1,-1;PSU 'PSU' true false false 4 Long 0 10 ,First,#,H:\GROUPS\EVERYONE\Jeff\Frames_for_Migration\wy13_Frame.shp,PSU,-1,-1;Strata 'Strata' true true false 2 Short 0 5 ,First,#,H:\GROUPS\EVERYONE\Jeff\Frames_for_Migration\wy13_Frame.shp,STRATA,-1,-1;PSU_Acres 'Acres' true false false 8 Double 3 12 ,First,#,H:\GROUPS\EVERYONE\Jeff\Frames_for_Migration\wy13_Frame.shp,ACRES,-1,-1;PSU_Area 'Area' true false false 8 Double 3 12 ,First,#,H:\GROUPS\EVERYONE\Jeff\Frames_for_Migration\wy13_Frame.shp,AREA,-1,-1;PSU_segs 'PSU_segs' true false false 4 Long 0 10 ,First,#;PSU_sel 'PSU_sel' true false false 2 Text 0 0 ,First,#;X_coord 'X_coord' true false false 8 Double 3 12 ,First,#,H:\GROUPS\EVERYONE\Jeff\Frames_for_Migration\wy13_Frame.shp,X_COORD,-1,-1;Y_coord 'Y_coord' true false false 8 Double 3 12 ,First,#,H:\GROUPS\EVERYONE\Jeff\Frames_for_Migration\wy13_Frame.shp,Y_COORD,-1,-1;County 'County' true false false 23 Text 0 0 ,First,#,H:\GROUPS\EVERYONE\Jeff\Frames_for_Migration\wy13_Frame.shp,COUNTY,-1,-1;SHAPE.area 'SHAPE.area' false false true 0 Double 0 0 ,First,#;SHAPE.len 'SHAPE.len' false false true 0 Double 0 0 ,First,#" Wyoming Frame_13</Process><Process ToolSource="C:\Program Files\ArcGIS\ArcToolbox\Toolboxes\Data Management Tools.tbx\AddSubtype" Date="20090608" Time="171321">AddSubtype "Database Connections\sdeDirect@RDS-SQL.sde\AFSsde.GISADMIN.z13\AFSsde.GISADMIN.Frame_13" 48 Texas "Database Connections\sdeDirect@RDS-SQL.sde\AFSsde.GISADMIN.z13\AFSsde.GISADMIN.Frame_13"</Process><Process ToolSource="C:\Program Files\ArcGIS\ArcToolbox\Toolboxes\Data Management Tools.tbx\AddSubtype" Date="20090608" Time="173055">AddSubtype "Database Connections\sdeDirect@RDS-SQL.sde\AFSsde.GISADMIN.z13\AFSsde.GISADMIN.Frame_13" 48 Texas "Database Connections\sdeDirect@RDS-SQL.sde\AFSsde.GISADMIN.z13\AFSsde.GISADMIN.Frame_13"</Process><Process ToolSource="C:\Program Files\ArcGIS\ArcToolbox\Toolboxes\Data Management Tools.tbx\AddSubtype" Date="20090608" Time="175430">AddSubtype "Database Connections\gisadmin@AFSsde.sde\AFSsde.GISADMIN.z13\AFSsde.GISADMIN.Frame_13" 48 Texas "Database Connections\gisadmin@AFSsde.sde\AFSsde.GISADMIN.z13\AFSsde.GISADMIN.Frame_13"</Process><Process ToolSource="C:\Program Files\ArcGIS\ArcToolbox\Toolboxes\Data Management Tools.tbx\AssignDomainToField" Date="20090608" Time="175551">AssignDomainToField "Database Connections\gisadmin@AFSsde.sde\AFSsde.GISADMIN.z13\AFSsde.GISADMIN.Frame_13" Strata TX '48: Texas' "Database Connections\gisadmin@AFSsde.sde\AFSsde.GISADMIN.z13\AFSsde.GISADMIN.Frame_13"</Process><Process ToolSource="C:\Program Files\ArcGIS\ArcToolbox\Toolboxes\Data Management Tools.tbx\AddSubtype" Date="20090609" Time="100224">AddSubtype "Database Connections\gisadmin@AFSsde.sde\AFSsde.GISADMIN.z13\AFSsde.GISADMIN.Frame_13" 35 "New Mexico" "Database Connections\gisadmin@AFSsde.sde\AFSsde.GISADMIN.z13\AFSsde.GISADMIN.Frame_13"</Process><Process ToolSource="C:\Program Files\ArcGIS\ArcToolbox\Toolboxes\Data Management Tools.tbx\AddSubtype" Date="20090609" Time="100225">AddSubtype "Database Connections\gisadmin@AFSsde.sde\AFSsde.GISADMIN.z13\AFSsde.GISADMIN.Frame_13" 40 Oklahoma "Database Connections\gisadmin@AFSsde.sde\AFSsde.GISADMIN.z13\AFSsde.GISADMIN.Frame_13"</Process><Process ToolSource="C:\Program Files\ArcGIS\ArcToolbox\Toolboxes\Data Management Tools.tbx\AddSubtype" Date="20090609" Time="100225">AddSubtype "Database Connections\gisadmin@AFSsde.sde\AFSsde.GISADMIN.z13\AFSsde.GISADMIN.Frame_13" 8 Colorado "Database Connections\gisadmin@AFSsde.sde\AFSsde.GISADMIN.z13\AFSsde.GISADMIN.Frame_13"</Process><Process ToolSource="C:\Program Files\ArcGIS\ArcToolbox\Toolboxes\Data Management Tools.tbx\AddSubtype" Date="20090609" Time="100226">AddSubtype "Database Connections\gisadmin@AFSsde.sde\AFSsde.GISADMIN.z13\AFSsde.GISADMIN.Frame_13" 31 Nebraska "Database Connections\gisadmin@AFSsde.sde\AFSsde.GISADMIN.z13\AFSsde.GISADMIN.Frame_13"</Process><Process ToolSource="C:\Program Files\ArcGIS\ArcToolbox\Toolboxes\Data Management Tools.tbx\AddSubtype" Date="20090609" Time="100226">AddSubtype "Database Connections\gisadmin@AFSsde.sde\AFSsde.GISADMIN.z13\AFSsde.GISADMIN.Frame_13" 46 "South Dakota" "Database Connections\gisadmin@AFSsde.sde\AFSsde.GISADMIN.z13\AFSsde.GISADMIN.Frame_13"</Process><Process ToolSource="C:\Program Files\ArcGIS\ArcToolbox\Toolboxes\Data Management Tools.tbx\AddSubtype" Date="20090609" Time="100227">AddSubtype "Database Connections\gisadmin@AFSsde.sde\AFSsde.GISADMIN.z13\AFSsde.GISADMIN.Frame_13" 30 Montana "Database Connections\gisadmin@AFSsde.sde\AFSsde.GISADMIN.z13\AFSsde.GISADMIN.Frame_13"</Process><Process ToolSource="C:\Program Files\ArcGIS\ArcToolbox\Toolboxes\Data Management Tools.tbx\Append" Date="20090609" Time="103548">Append H:\GROUPS\EVERYONE\Jeff\Frames_for_Migration\tx13_Frame.shp "Database Connections\sdeDirect@RDS-SQL.sde\AFSsde.GISADMIN.z13\AFSsde.GISADMIN.Frame_13" NO_TEST "S_FIPS 'S_FIPS' true false false 4 Long 0 10 ,First,#;St_FIPS 'St_FIPS' true false false 5 Text 0 0 ,First,#;C_FIPS 'C_FIPS' true false false 5 Text 0 0 ,First,#,H:\GROUPS\EVERYONE\Jeff\Frames_for_Migration\tx13_Frame.shp,COUNTY,-1,-1;PSU 'PSU' true false false 4 Long 0 10 ,First,#,H:\GROUPS\EVERYONE\Jeff\Frames_for_Migration\tx13_Frame.shp,PSU,-1,-1;Strata 'Strata' true true false 2 Short 0 5 ,First,#,H:\GROUPS\EVERYONE\Jeff\Frames_for_Migration\tx13_Frame.shp,STRATA,-1,-1;PSU_Acres 'Acres' true false false 8 Double 3 12 ,First,#,H:\GROUPS\EVERYONE\Jeff\Frames_for_Migration\tx13_Frame.shp,ACRES,-1,-1;PSU_Area 'Area' true false false 8 Double 3 12 ,First,#,H:\GROUPS\EVERYONE\Jeff\Frames_for_Migration\tx13_Frame.shp,AREA,-1,-1;PSU_segs 'PSU_segs' true false false 4 Long 0 10 ,First,#;PSU_sel 'PSU_sel' true false false 2 Text 0 0 ,First,#;X_coord 'X_coord' true false false 8 Double 3 12 ,First,#,H:\GROUPS\EVERYONE\Jeff\Frames_for_Migration\tx13_Frame.shp,X_COORD,-1,-1;Y_coord 'Y_coord' true false false 8 Double 3 12 ,First,#,H:\GROUPS\EVERYONE\Jeff\Frames_for_Migration\tx13_Frame.shp,Y_COORD,-1,-1;County 'County' true false false 23 Text 0 0 ,First,#,H:\GROUPS\EVERYONE\Jeff\Frames_for_Migration\tx13_Frame.shp,COUNTY,-1,-1;SHAPE.area 'SHAPE.area' false false true 0 Double 0 0 ,First,#;SHAPE.len 'SHAPE.len' false false true 0 Double 0 0 ,First,#" Texas "Database Connections\sdeDirect@RDS-SQL.sde\AFSsde.GISADMIN.z13\AFSsde.GISADMIN.Frame_13"</Process><Process ToolSource="C:\Program Files\ArcGIS\ArcToolbox\Toolboxes\Data Management Tools.tbx\Append" Date="20090615" Time="135547">Append H:\GROUPS\EVERYONE\Jeff\Frames_for_Migration\sd13_Frame.shp "Database Connections\sdeDirect@RDS-SQL.sde\AFSsde.GISADMIN.z13\AFSsde.GISADMIN.Frame_13" NO_TEST "S_FIPS 'S_FIPS' true false false 4 Long 0 10 ,First,#;St_FIPS 'St_FIPS' true false false 5 Text 0 0 ,First,#;C_FIPS 'C_FIPS' true false false 5 Text 0 0 ,First,#,H:\GROUPS\EVERYONE\Jeff\Frames_for_Migration\sd13_Frame.shp,COUNTY,-1,-1;PSU 'PSU' true false false 4 Long 0 10 ,First,#,H:\GROUPS\EVERYONE\Jeff\Frames_for_Migration\sd13_Frame.shp,PSU,-1,-1;Strata 'Strata' true true false 2 Short 0 5 ,First,#,H:\GROUPS\EVERYONE\Jeff\Frames_for_Migration\sd13_Frame.shp,STRATA,-1,-1;PSU_Acres 'Acres' true false false 8 Double 3 12 ,First,#,H:\GROUPS\EVERYONE\Jeff\Frames_for_Migration\sd13_Frame.shp,ACRES,-1,-1;PSU_Area 'Area' true false false 8 Double 3 12 ,First,#,H:\GROUPS\EVERYONE\Jeff\Frames_for_Migration\sd13_Frame.shp,AREA,-1,-1;PSU_segs 'PSU_segs' true false false 4 Long 0 10 ,First,#;PSU_sel 'PSU_sel' true false false 2 Text 0 0 ,First,#;X_coord 'X_coord' true false false 8 Double 3 12 ,First,#,H:\GROUPS\EVERYONE\Jeff\Frames_for_Migration\sd13_Frame.shp,X_COORD,-1,-1;Y_coord 'Y_coord' true false false 8 Double 3 12 ,First,#,H:\GROUPS\EVERYONE\Jeff\Frames_for_Migration\sd13_Frame.shp,Y_COORD,-1,-1;County 'County' true false false 23 Text 0 0 ,First,#,H:\GROUPS\EVERYONE\Jeff\Frames_for_Migration\sd13_Frame.shp,COUNTY,-1,-1;SHAPE.area 'SHAPE.area' false false true 0 Double 0 0 ,First,#;SHAPE.len 'SHAPE.len' false false true 0 Double 0 0 ,First,#" "South Dakota" "Database Connections\sdeDirect@RDS-SQL.sde\AFSsde.GISADMIN.z13\AFSsde.GISADMIN.Frame_13"</Process><Process ToolSource="C:\Program Files\ArcGIS\ArcToolbox\Toolboxes\Data Management Tools.tbx\Append" Date="20090915" Time="154109">Append H:\GROUPS\EVERYONE\Jeff\Frames_For_Migration\co13_Frame.shp Frame_13 NO_TEST "S_FIPS 'S_FIPS' true false false 4 Long 0 10 ,First,#;St_FIPS 'St_FIPS' true false false 5 Text 0 0 ,First,#;C_FIPS 'C_FIPS' true false false 5 Text 0 0 ,First,#,H:\GROUPS\EVERYONE\Jeff\Frames_For_Migration\co13_Frame.shp,COUNTY,-1,-1;PSU 'PSU' true false false 4 Long 0 10 ,First,#,H:\GROUPS\EVERYONE\Jeff\Frames_For_Migration\co13_Frame.shp,PSU,-1,-1;Strata 'Strata' true true false 2 Short 0 5 ,First,#,H:\GROUPS\EVERYONE\Jeff\Frames_For_Migration\co13_Frame.shp,STRATA,-1,-1;PSU_Acres 'Acres' true false false 8 Double 3 12 ,First,#,H:\GROUPS\EVERYONE\Jeff\Frames_For_Migration\co13_Frame.shp,ACRES,-1,-1;PSU_Area 'Area' true false false 8 Double 3 12 ,First,#,H:\GROUPS\EVERYONE\Jeff\Frames_For_Migration\co13_Frame.shp,AREA,-1,-1;PSU_segs 'PSU_segs' true false false 4 Long 0 10 ,First,#;PSU_sel 'PSU_sel' true false false 2 Text 0 0 ,First,#;X_coord 'X_coord' true false false 8 Double 3 12 ,First,#,H:\GROUPS\EVERYONE\Jeff\Frames_For_Migration\co13_Frame.shp,X_COORD,-1,-1;Y_coord 'Y_coord' true false false 8 Double 3 12 ,First,#,H:\GROUPS\EVERYONE\Jeff\Frames_For_Migration\co13_Frame.shp,Y_COORD,-1,-1;County 'County' true false false 23 Text 0 0 ,First,#,H:\GROUPS\EVERYONE\Jeff\Frames_For_Migration\co13_Frame.shp,COUNTY,-1,-1;SHAPE.area 'SHAPE.area' false false true 0 Double 0 0 ,First,#;SHAPE.len 'SHAPE.len' false false true 0 Double 0 0 ,First,#" Colorado Frame_13</Process><Process ToolSource="C:\Program Files\ArcGIS\ArcToolbox\Toolboxes\Data Management Tools.tbx\AssignDomainToField" Date="20090915" Time="154415">AssignDomainToField "Database Connections\gisadmin@AFSsde.sde\AFSsde.GISADMIN.z13\AFSsde.GISADMIN.Frame_13" Strata CO '8: Colorado' "Database Connections\gisadmin@AFSsde.sde\AFSsde.GISADMIN.z13\AFSsde.GISADMIN.Frame_13"</Process><Process ToolSource="C:\Program Files\ArcGIS\ArcToolbox\Toolboxes\Data Management Tools.tbx\Append" Date="20091022" Time="161137">Append H:\GROUPS\EVERYONE\Jeff\Frames_For_Migration\ne13_Frame.shp Frame_13 NO_TEST "S_FIPS 'S_FIPS' true false false 4 Long 0 10 ,First,#;St_FIPS 'St_FIPS' true false false 5 Text 0 0 ,First,#;C_FIPS 'C_FIPS' true false false 5 Text 0 0 ,First,#,H:\GROUPS\EVERYONE\Jeff\Frames_For_Migration\ne13_Frame.shp,COUNTY,-1,-1;PSU 'PSU' true false false 4 Long 0 10 ,First,#,H:\GROUPS\EVERYONE\Jeff\Frames_For_Migration\ne13_Frame.shp,PSU,-1,-1;Strata 'Strata' true true false 2 Short 0 5 ,First,#,H:\GROUPS\EVERYONE\Jeff\Frames_For_Migration\ne13_Frame.shp,STRATA,-1,-1;PSU_Acres 'Acres' true false false 8 Double 3 12 ,First,#,H:\GROUPS\EVERYONE\Jeff\Frames_For_Migration\ne13_Frame.shp,ACRES,-1,-1;PSU_Area 'Area' true false false 8 Double 3 12 ,First,#,H:\GROUPS\EVERYONE\Jeff\Frames_For_Migration\ne13_Frame.shp,AREA,-1,-1;PSU_segs 'PSU_segs' true false false 4 Long 0 10 ,First,#;PSU_sel 'PSU_sel' true false false 2 Text 0 0 ,First,#;X_coord 'X_coord' true false false 8 Double 3 12 ,First,#,H:\GROUPS\EVERYONE\Jeff\Frames_For_Migration\ne13_Frame.shp,X_COORD,-1,-1;Y_coord 'Y_coord' true false false 8 Double 3 12 ,First,#,H:\GROUPS\EVERYONE\Jeff\Frames_For_Migration\ne13_Frame.shp,Y_COORD,-1,-1;County 'County' true false false 23 Text 0 0 ,First,#,H:\GROUPS\EVERYONE\Jeff\Frames_For_Migration\ne13_Frame.shp,COUNTY,-1,-1;SHAPE.area 'SHAPE.area' false false true 0 Double 0 0 ,First,#;SHAPE.len 'SHAPE.len' false false true 0 Double 0 0 ,First,#" Nebraska Frame_13</Process><Process ToolSource="C:\Program Files\ArcGIS\ArcToolbox\Toolboxes\Data Management Tools.tbx\Append" Date="20091022" Time="161951">Append H:\GROUPS\EVERYONE\Jeff\Frames_For_Migration\mt13_Frame.shp Frame_13 NO_TEST "S_FIPS 'S_FIPS' true false false 4 Long 0 10 ,First,#;St_FIPS 'St_FIPS' true false false 5 Text 0 0 ,First,#;C_FIPS 'C_FIPS' true false false 5 Text 0 0 ,First,#,H:\GROUPS\EVERYONE\Jeff\Frames_For_Migration\mt13_Frame.shp,COUNTY,-1,-1;PSU 'PSU' true false false 4 Long 0 10 ,First,#,H:\GROUPS\EVERYONE\Jeff\Frames_For_Migration\mt13_Frame.shp,PSU,-1,-1;Strata 'Strata' true true false 2 Short 0 5 ,First,#,H:\GROUPS\EVERYONE\Jeff\Frames_For_Migration\mt13_Frame.shp,STRATA,-1,-1;PSU_Acres 'Acres' true false false 8 Double 3 12 ,First,#,H:\GROUPS\EVERYONE\Jeff\Frames_For_Migration\mt13_Frame.shp,ACRES,-1,-1;PSU_Area 'Area' true false false 8 Double 3 12 ,First,#,H:\GROUPS\EVERYONE\Jeff\Frames_For_Migration\mt13_Frame.shp,AREA,-1,-1;PSU_segs 'PSU_segs' true false false 4 Long 0 10 ,First,#;PSU_sel 'PSU_sel' true false false 2 Text 0 0 ,First,#;X_coord 'X_coord' true false false 8 Double 3 12 ,First,#,H:\GROUPS\EVERYONE\Jeff\Frames_For_Migration\mt13_Frame.shp,X_COORD,-1,-1;Y_coord 'Y_coord' true false false 8 Double 3 12 ,First,#,H:\GROUPS\EVERYONE\Jeff\Frames_For_Migration\mt13_Frame.shp,Y_COORD,-1,-1;County 'County' true false false 23 Text 0 0 ,First,#,H:\GROUPS\EVERYONE\Jeff\Frames_For_Migration\mt13_Frame.shp,COUNTY,-1,-1;SHAPE.area 'SHAPE.area' false false true 0 Double 0 0 ,First,#;SHAPE.len 'SHAPE.len' false false true 0 Double 0 0 ,First,#" Montana Frame_13</Process><Process ToolSource="C:\Program Files\ArcGIS\ArcToolbox\Toolboxes\Data Management Tools.tbx\Append" Date="20091026" Time="120135">Append H:\GROUPS\EVERYONE\Jeff\Frames_For_Migration\nm13_Frame.shp Frame_13 NO_TEST "S_FIPS 'S_FIPS' true false false 4 Long 0 10 ,First,#;St_FIPS 'St_FIPS' true false false 5 Text 0 0 ,First,#;C_FIPS 'C_FIPS' true false false 5 Text 0 0 ,First,#,H:\GROUPS\EVERYONE\Jeff\Frames_For_Migration\nm13_Frame.shp,COUNTY,-1,-1;PSU 'PSU' true false false 4 Long 0 10 ,First,#,H:\GROUPS\EVERYONE\Jeff\Frames_For_Migration\nm13_Frame.shp,PSU,-1,-1;Strata 'Strata' true true false 2 Short 0 5 ,First,#,H:\GROUPS\EVERYONE\Jeff\Frames_For_Migration\nm13_Frame.shp,STRATA,-1,-1;PSU_Acres 'Acres' true false false 8 Double 3 12 ,First,#,H:\GROUPS\EVERYONE\Jeff\Frames_For_Migration\nm13_Frame.shp,ACRES,-1,-1;PSU_Area 'Area' true false false 8 Double 3 12 ,First,#,H:\GROUPS\EVERYONE\Jeff\Frames_For_Migration\nm13_Frame.shp,AREA,-1,-1;PSU_segs 'PSU_segs' true false false 4 Long 0 10 ,First,#;PSU_sel 'PSU_sel' true false false 2 Text 0 0 ,First,#;X_coord 'X_coord' true false false 8 Double 3 12 ,First,#,H:\GROUPS\EVERYONE\Jeff\Frames_For_Migration\nm13_Frame.shp,X_COORD,-1,-1;Y_coord 'Y_coord' true false false 8 Double 3 12 ,First,#,H:\GROUPS\EVERYONE\Jeff\Frames_For_Migration\nm13_Frame.shp,Y_COORD,-1,-1;County 'County' true false false 23 Text 0 0 ,First,#,H:\GROUPS\EVERYONE\Jeff\Frames_For_Migration\nm13_Frame.shp,COUNTY,-1,-1;SHAPE.area 'SHAPE.area' false false true 0 Double 0 0 ,First,#;SHAPE.len 'SHAPE.len' false false true 0 Double 0 0 ,First,#" "New Mexico" Frame_13</Process><Process ToolSource="C:\Program Files\ArcGIS\ArcToolbox\Toolboxes\Data Management Tools.tbx\Append" Date="20091202" Time="144706">Append ok13_newframe Frame_13 NO_TEST "S_FIPS 'S_FIPS' true false false 4 Long 0 10 ,First,#;St_FIPS 'St_FIPS' true false false 5 Text 0 0 ,First,#;C_FIPS 'C_FIPS' true false false 5 Text 0 0 ,First,#,H:\GROUPS\EVERYONE\Jeff\Frames_For_Migration\ok13_newframe.shp,COUNTY,-1,-1;PSU 'PSU' true false false 4 Long 0 10 ,First,#,H:\GROUPS\EVERYONE\Jeff\Frames_For_Migration\ok13_newframe.shp,PSU,-1,-1;Strata 'Strata' true true false 2 Short 0 5 ,First,#,H:\GROUPS\EVERYONE\Jeff\Frames_For_Migration\ok13_newframe.shp,STRATA,-1,-1;PSU_Acres 'Acres' true false false 8 Double 3 12 ,First,#,H:\GROUPS\EVERYONE\Jeff\Frames_For_Migration\ok13_newframe.shp,ACRES,-1,-1;PSU_Area 'Area' true false false 8 Double 3 12 ,First,#,H:\GROUPS\EVERYONE\Jeff\Frames_For_Migration\ok13_newframe.shp,AREA,-1,-1;PSU_segs 'PSU_segs' true false false 4 Long 0 10 ,First,#;PSU_sel 'PSU_sel' true false false 2 Text 0 0 ,First,#;X_coord 'X_coord' true false false 8 Double 3 12 ,First,#,H:\GROUPS\EVERYONE\Jeff\Frames_For_Migration\ok13_newframe.shp,X_COORD,-1,-1;Y_coord 'Y_coord' true false false 8 Double 3 12 ,First,#,H:\GROUPS\EVERYONE\Jeff\Frames_For_Migration\ok13_newframe.shp,Y_COORD,-1,-1;County 'County' true false false 23 Text 0 0 ,First,#,H:\GROUPS\EVERYONE\Jeff\Frames_For_Migration\ok13_newframe.shp,COUNTY,-1,-1;SHAPE.area 'SHAPE.area' false false true 0 Double 0 0 ,First,#;SHAPE.len 'SHAPE.len' false false true 0 Double 0 0 ,First,#" Oklahoma Frame_13</Process><Process ToolSource="C:\Program Files\ArcGIS\ArcToolbox\Toolboxes\Data Management Tools.tbx\Append" Date="20100217" Time="120015">Append ND_13outs Frame_13 NO_TEST "S_FIPS 'S_FIPS' true false false 4 Long 0 10 ,First,#,D:\Work\Temp\ND_13outs.shp,S_FIPS,-1,-1;St_FIPS 'St_FIPS' true false false 5 Text 0 0 ,First,#,D:\Work\Temp\ND_13outs.shp,St_FIPS,-1,-1;C_FIPS 'C_FIPS' true false false 5 Text 0 0 ,First,#,D:\Work\Temp\ND_13outs.shp,C_FIPS,-1,-1;PSU 'PSU' true false false 4 Long 0 10 ,First,#,D:\Work\Temp\ND_13outs.shp,PSU,-1,-1;Strata 'Strata' true true false 2 Short 0 5 ,First,#,D:\Work\Temp\ND_13outs.shp,Strata,-1,-1;PSU_Acres 'Acres' true false false 8 Double 3 12 ,First,#,D:\Work\Temp\ND_13outs.shp,PSU_Acres,-1,-1;PSU_Area 'Area' true false false 8 Double 3 12 ,First,#,D:\Work\Temp\ND_13outs.shp,PSU_Area,-1,-1;PSU_segs 'PSU_segs' true false false 4 Long 0 10 ,First,#,D:\Work\Temp\ND_13outs.shp,PSU_segs,-1,-1;PSU_sel 'PSU_sel' true false false 2 Text 0 0 ,First,#,D:\Work\Temp\ND_13outs.shp,PSU_sel,-1,-1;X_coord 'X_coord' true false false 8 Double 3 12 ,First,#,D:\Work\Temp\ND_13outs.shp,X_coord,-1,-1;Y_coord 'Y_coord' true false false 8 Double 3 12 ,First,#,D:\Work\Temp\ND_13outs.shp,Y_coord,-1,-1;County 'County' true false false 23 Text 0 0 ,First,#,D:\Work\Temp\ND_13outs.shp,County,-1,-1;SHAPE.area 'SHAPE.area' false false true 0 Double 0 0 ,First,#;SHAPE.len 'SHAPE.len' false false true 0 Double 0 0 ,First,#" "North Dakota" Frame_13</Process><Process ToolSource="C:\Program Files\ArcGIS\ArcToolbox\Toolboxes\Data Management Tools.tbx\Append" Date="20100514" Time="090628">Append H:\GROUPS\EVERYONE\Jeff\Frames_For_Migration\mt13_Frame.shp Frame_13 NO_TEST "S_FIPS 'S_FIPS' true false false 4 Long 0 10 ,First,#;St_FIPS 'St_FIPS' true false false 5 Text 0 0 ,First,#;C_FIPS 'C_FIPS' true false false 5 Text 0 0 ,First,#,H:\GROUPS\EVERYONE\Jeff\Frames_For_Migration\mt13_Frame.shp,COUNTY,-1,-1;PSU 'PSU' true false false 4 Long 0 10 ,First,#,H:\GROUPS\EVERYONE\Jeff\Frames_For_Migration\mt13_Frame.shp,PSU,-1,-1;Strata 'Strata' true true false 2 Short 0 5 ,First,#,H:\GROUPS\EVERYONE\Jeff\Frames_For_Migration\mt13_Frame.shp,STRATA,-1,-1;PSU_Acres 'Acres' true false false 8 Double 3 12 ,First,#,H:\GROUPS\EVERYONE\Jeff\Frames_For_Migration\mt13_Frame.shp,ACRES,-1,-1;PSU_Area 'Area' true false false 8 Double 3 12 ,First,#,H:\GROUPS\EVERYONE\Jeff\Frames_For_Migration\mt13_Frame.shp,AREA,-1,-1;PSU_segs 'PSU_segs' true false false 4 Long 0 10 ,First,#;PSU_sel 'PSU_sel' true false false 2 Text 0 0 ,First,#;X_coord 'X_coord' true false false 8 Double 3 12 ,First,#,H:\GROUPS\EVERYONE\Jeff\Frames_For_Migration\mt13_Frame.shp,X_COORD,-1,-1;Y_coord 'Y_coord' true false false 8 Double 3 12 ,First,#,H:\GROUPS\EVERYONE\Jeff\Frames_For_Migration\mt13_Frame.shp,Y_COORD,-1,-1;County 'County' true false false 23 Text 0 0 ,First,#,H:\GROUPS\EVERYONE\Jeff\Frames_For_Migration\mt13_Frame.shp,COUNTY,-1,-1;SHAPE.area 'SHAPE.area' false false true 0 Double 0 0 ,First,#;SHAPE.len 'SHAPE.len' false false true 0 Double 0 0 ,First,#" Montana Frame_13</Process><Process ToolSource="c:\program files\arcgis\desktop10.0\ArcToolbox\Toolboxes\Data Management Tools.tbx\Append" Date="20121011" Time="123000">Append D:\Work\Temp\SDE10\NM_frame.shp Frame_13 NO_TEST "S_FIPS "S_FIPS" true false false 4 Long 0 10 ,First,#,D:\Work\Temp\SDE10\NM_frame.shp,S_FIPS,-1,-1;St_FIPS "St_FIPS" true false false 5 Text 0 0 ,First,#,D:\Work\Temp\SDE10\NM_frame.shp,St_FIPS,-1,-1;C_FIPS "C_FIPS" true false false 5 Text 0 0 ,First,#,D:\Work\Temp\SDE10\NM_frame.shp,C_FIPS,-1,-1;PSU "PSU" true false false 4 Long 0 10 ,First,#,D:\Work\Temp\SDE10\NM_frame.shp,PSU,-1,-1;Strata "Strata" true true false 2 Short 0 5 ,First,#,D:\Work\Temp\SDE10\NM_frame.shp,Strata,-1,-1;PSU_Acres "Acres" true false false 8 Double 3 12 ,First,#,D:\Work\Temp\SDE10\NM_frame.shp,PSU_Acres,-1,-1;PSU_Area "Area" true false false 8 Double 3 12 ,First,#,D:\Work\Temp\SDE10\NM_frame.shp,PSU_Area,-1,-1;PSU_segs "PSU_segs" true false false 4 Long 0 10 ,First,#,D:\Work\Temp\SDE10\NM_frame.shp,PSU_segs,-1,-1;PSU_sel "PSU_sel" true false false 2 Text 0 0 ,First,#,D:\Work\Temp\SDE10\NM_frame.shp,PSU_sel,-1,-1;X_coord "X_coord" true false false 8 Double 3 12 ,First,#,D:\Work\Temp\SDE10\NM_frame.shp,X_coord,-1,-1;Y_coord "Y_coord" true false false 8 Double 3 12 ,First,#,D:\Work\Temp\SDE10\NM_frame.shp,Y_coord,-1,-1;County "County" true false false 23 Text 0 0 ,First,#,D:\Work\Temp\SDE10\NM_frame.shp,County,-1,-1;SHAPE.area "SHAPE.area" false false true 0 Double 0 0 ,First,#;SHAPE.len "SHAPE.len" false false true 0 Double 0 0 ,First,#" "New Mexico"</Process><Process ToolSource="c:\program files\arcgis\desktop10.0\ArcToolbox\Toolboxes\Data Management Tools.tbx\Append" Date="20121011" Time="162244">Append D:\Work\Temp\SDE10\OK_13.shp Frame_13 NO_TEST "S_FIPS "S_FIPS" true false false 4 Long 0 10 ,First,#,D:\Work\Temp\SDE10\OK_13.shp,S_FIPS,-1,-1;St_FIPS "St_FIPS" true false false 5 Text 0 0 ,First,#,D:\Work\Temp\SDE10\OK_13.shp,St_FIPS,-1,-1;C_FIPS "C_FIPS" true false false 5 Text 0 0 ,First,#,D:\Work\Temp\SDE10\OK_13.shp,C_FIPS,-1,-1;PSU "PSU" true false false 4 Long 0 10 ,First,#,D:\Work\Temp\SDE10\OK_13.shp,PSU,-1,-1;Strata "Strata" true true false 2 Short 0 5 ,First,#,D:\Work\Temp\SDE10\OK_13.shp,Strata,-1,-1;PSU_Acres "Acres" true false false 8 Double 3 12 ,First,#,D:\Work\Temp\SDE10\OK_13.shp,PSU_Acres,-1,-1;PSU_Area "Area" true false false 8 Double 3 12 ,First,#,D:\Work\Temp\SDE10\OK_13.shp,PSU_Area,-1,-1;PSU_segs "PSU_segs" true false false 4 Long 0 10 ,First,#,D:\Work\Temp\SDE10\OK_13.shp,PSU_segs,-1,-1;PSU_sel "PSU_sel" true false false 2 Text 0 0 ,First,#,D:\Work\Temp\SDE10\OK_13.shp,PSU_sel,-1,-1;X_coord "X_coord" true false false 8 Double 3 12 ,First,#,D:\Work\Temp\SDE10\OK_13.shp,X_coord,-1,-1;Y_coord "Y_coord" true false false 8 Double 3 12 ,First,#,D:\Work\Temp\SDE10\OK_13.shp,Y_coord,-1,-1;County "County" true false false 23 Text 0 0 ,First,#,D:\Work\Temp\SDE10\OK_13.shp,County,-1,-1;SHAPE.area "SHAPE.area" false false true 0 Double 0 0 ,First,#;SHAPE.len "SHAPE.len" false false true 0 Double 0 0 ,First,#" Oklahoma</Process><Process ToolSource="C:\Program Files\ArcGIS\Desktop10.0\ArcToolbox\Toolboxes\Data Management Tools.tbx\Append" Date="20121018" Time="140625">Append 093_zone_edits Frame_13 NO_TEST "S_FIPS "S_FIPS" true false false 4 Long 0 10 ,First,#,A:\AFS\STRAT\SD\Temps\093_zone_edits.shp,S_FIPS,-1,-1;St_FIPS "St_FIPS" true false false 5 Text 0 0 ,First,#,A:\AFS\STRAT\SD\Temps\093_zone_edits.shp,St_FIPS,-1,-1;C_FIPS "C_FIPS" true false false 5 Text 0 0 ,First,#,A:\AFS\STRAT\SD\Temps\093_zone_edits.shp,C_FIPS,-1,-1;PSU "PSU" true false false 4 Long 0 10 ,First,#,A:\AFS\STRAT\SD\Temps\093_zone_edits.shp,PSU,-1,-1;Strata "Strata" true true false 2 Short 0 5 ,First,#,A:\AFS\STRAT\SD\Temps\093_zone_edits.shp,Strata,-1,-1;PSU_Acres "Acres" true false false 8 Double 3 12 ,First,#,A:\AFS\STRAT\SD\Temps\093_zone_edits.shp,PSU_Acres,-1,-1;PSU_Area "Area" true false false 8 Double 3 12 ,First,#,A:\AFS\STRAT\SD\Temps\093_zone_edits.shp,PSU_Area,-1,-1;PSU_segs "PSU_segs" true false false 4 Long 0 10 ,First,#,A:\AFS\STRAT\SD\Temps\093_zone_edits.shp,PSU_segs,-1,-1;PSU_sel "PSU_sel" true false false 2 Text 0 0 ,First,#,A:\AFS\STRAT\SD\Temps\093_zone_edits.shp,PSU_sel,-1,-1;X_coord "X_coord" true false false 8 Double 3 12 ,First,#,A:\AFS\STRAT\SD\Temps\093_zone_edits.shp,X_coord,-1,-1;Y_coord "Y_coord" true false false 8 Double 3 12 ,First,#,A:\AFS\STRAT\SD\Temps\093_zone_edits.shp,Y_coord,-1,-1;County "County" true false false 23 Text 0 0 ,First,#,A:\AFS\STRAT\SD\Temps\093_zone_edits.shp,County,-1,-1;SHAPE.area "SHAPE.area" false false true 0 Double 0 0 ,First,#;SHAPE.len "SHAPE.len" false false true 0 Double 0 0 ,First,#" "South Dakota"</Process><Process ToolSource="C:\Program Files\ArcGIS\Desktop10.0\ArcToolbox\Toolboxes\Data Management Tools.tbx\Append" Date="20121018" Time="142557">Append 093_zone_edits_2 Frame_13 NO_TEST "S_FIPS "S_FIPS" true false false 4 Long 0 10 ,First,#,A:\AFS\STRAT\SD\Temps\093_zone_edits_2.shp,S_FIPS,-1,-1;St_FIPS "St_FIPS" true false false 5 Text 0 0 ,First,#,A:\AFS\STRAT\SD\Temps\093_zone_edits_2.shp,St_FIPS,-1,-1;C_FIPS "C_FIPS" true false false 5 Text 0 0 ,First,#,A:\AFS\STRAT\SD\Temps\093_zone_edits_2.shp,C_FIPS,-1,-1;PSU "PSU" true false false 4 Long 0 10 ,First,#,A:\AFS\STRAT\SD\Temps\093_zone_edits_2.shp,PSU,-1,-1;Strata "Strata" true true false 2 Short 0 5 ,First,#,A:\AFS\STRAT\SD\Temps\093_zone_edits_2.shp,Strata,-1,-1;PSU_Acres "Acres" true false false 8 Double 3 12 ,First,#,A:\AFS\STRAT\SD\Temps\093_zone_edits_2.shp,PSU_Acres,-1,-1;PSU_Area "Area" true false false 8 Double 3 12 ,First,#,A:\AFS\STRAT\SD\Temps\093_zone_edits_2.shp,PSU_Area,-1,-1;PSU_segs "PSU_segs" true false false 4 Long 0 10 ,First,#,A:\AFS\STRAT\SD\Temps\093_zone_edits_2.shp,PSU_segs,-1,-1;PSU_sel "PSU_sel" true false false 2 Text 0 0 ,First,#,A:\AFS\STRAT\SD\Temps\093_zone_edits_2.shp,PSU_sel,-1,-1;X_coord "X_coord" true false false 8 Double 3 12 ,First,#,A:\AFS\STRAT\SD\Temps\093_zone_edits_2.shp,X_coord,-1,-1;Y_coord "Y_coord" true false false 8 Double 3 12 ,First,#,A:\AFS\STRAT\SD\Temps\093_zone_edits_2.shp,Y_coord,-1,-1;County "County" true false false 23 Text 0 0 ,First,#,A:\AFS\STRAT\SD\Temps\093_zone_edits_2.shp,County,-1,-1;SHAPE.area "SHAPE.area" false false true 0 Double 0 0 ,First,#;SHAPE.len "SHAPE.len" false false true 0 Double 0 0 ,First,#" "South Dakota"</Process><Process ToolSource="C:\Program Files\ArcGIS\Desktop10.0\ArcToolbox\Toolboxes\Data Management Tools.tbx\Append" Date="20121018" Time="143120">Append 103_zone_edits Frame_13 NO_TEST "S_FIPS "S_FIPS" true false false 4 Long 0 10 ,First,#,A:\AFS\STRAT\SD\Temps\103_zone_edits.shp,S_FIPS,-1,-1;St_FIPS "St_FIPS" true false false 5 Text 0 0 ,First,#,A:\AFS\STRAT\SD\Temps\103_zone_edits.shp,St_FIPS,-1,-1;C_FIPS "C_FIPS" true false false 5 Text 0 0 ,First,#,A:\AFS\STRAT\SD\Temps\103_zone_edits.shp,C_FIPS,-1,-1;PSU "PSU" true false false 4 Long 0 10 ,First,#,A:\AFS\STRAT\SD\Temps\103_zone_edits.shp,PSU,-1,-1;Strata "Strata" true true false 2 Short 0 5 ,First,#,A:\AFS\STRAT\SD\Temps\103_zone_edits.shp,Strata,-1,-1;PSU_Acres "Acres" true false false 8 Double 3 12 ,First,#,A:\AFS\STRAT\SD\Temps\103_zone_edits.shp,PSU_Acres,-1,-1;PSU_Area "Area" true false false 8 Double 3 12 ,First,#,A:\AFS\STRAT\SD\Temps\103_zone_edits.shp,PSU_Area,-1,-1;PSU_segs "PSU_segs" true false false 4 Long 0 10 ,First,#,A:\AFS\STRAT\SD\Temps\103_zone_edits.shp,PSU_segs,-1,-1;PSU_sel "PSU_sel" true false false 2 Text 0 0 ,First,#,A:\AFS\STRAT\SD\Temps\103_zone_edits.shp,PSU_sel,-1,-1;X_coord "X_coord" true false false 8 Double 3 12 ,First,#,A:\AFS\STRAT\SD\Temps\103_zone_edits.shp,X_coord,-1,-1;Y_coord "Y_coord" true false false 8 Double 3 12 ,First,#,A:\AFS\STRAT\SD\Temps\103_zone_edits.shp,Y_coord,-1,-1;County "County" true false false 23 Text 0 0 ,First,#,A:\AFS\STRAT\SD\Temps\103_zone_edits.shp,County,-1,-1;SHAPE.area "SHAPE.area" false false true 0 Double 0 0 ,First,#;SHAPE.len "SHAPE.len" false false true 0 Double 0 0 ,First,#" #</Process><Process ToolSource="C:\Program Files\ArcGIS\Desktop10.0\ArcToolbox\Toolboxes\Data Management Tools.tbx\Append" Date="20121018" Time="152405">Append 105_zone_edits Frame_13 NO_TEST "S_FIPS "S_FIPS" true false false 4 Long 0 10 ,First,#,A:\AFS\STRAT\SD\Temps\105_zone_edits.shp,S_FIPS,-1,-1;St_FIPS "St_FIPS" true false false 5 Text 0 0 ,First,#,A:\AFS\STRAT\SD\Temps\105_zone_edits.shp,St_FIPS,-1,-1;C_FIPS "C_FIPS" true false false 5 Text 0 0 ,First,#,A:\AFS\STRAT\SD\Temps\105_zone_edits.shp,C_FIPS,-1,-1;PSU "PSU" true false false 4 Long 0 10 ,First,#,A:\AFS\STRAT\SD\Temps\105_zone_edits.shp,PSU,-1,-1;Strata "Strata" true true false 2 Short 0 5 ,First,#,A:\AFS\STRAT\SD\Temps\105_zone_edits.shp,Strata,-1,-1;PSU_Acres "Acres" true false false 8 Double 3 12 ,First,#,A:\AFS\STRAT\SD\Temps\105_zone_edits.shp,PSU_Acres,-1,-1;PSU_Area "Area" true false false 8 Double 3 12 ,First,#,A:\AFS\STRAT\SD\Temps\105_zone_edits.shp,PSU_Area,-1,-1;PSU_segs "PSU_segs" true false false 4 Long 0 10 ,First,#,A:\AFS\STRAT\SD\Temps\105_zone_edits.shp,PSU_segs,-1,-1;PSU_sel "PSU_sel" true false false 2 Text 0 0 ,First,#,A:\AFS\STRAT\SD\Temps\105_zone_edits.shp,PSU_sel,-1,-1;X_coord "X_coord" true false false 8 Double 3 12 ,First,#,A:\AFS\STRAT\SD\Temps\105_zone_edits.shp,X_coord,-1,-1;Y_coord "Y_coord" true false false 8 Double 3 12 ,First,#,A:\AFS\STRAT\SD\Temps\105_zone_edits.shp,Y_coord,-1,-1;County "County" true false false 23 Text 0 0 ,First,#,A:\AFS\STRAT\SD\Temps\105_zone_edits.shp,County,-1,-1;SHAPE.area "SHAPE.area" false false true 0 Double 0 0 ,First,#;SHAPE.len "SHAPE.len" false false true 0 Double 0 0 ,First,#" #</Process><Process ToolSource="C:\Program Files\ArcGIS\Desktop10.0\ArcToolbox\Toolboxes\Data Management Tools.tbx\Append" Date="20121018" Time="154918">Append 105_zone_edits_2 Frame_13 NO_TEST "S_FIPS "S_FIPS" true false false 4 Long 0 10 ,First,#,A:\AFS\STRAT\SD\Temps\105_zone_edits_2.shp,S_FIPS,-1,-1;St_FIPS "St_FIPS" true false false 5 Text 0 0 ,First,#,A:\AFS\STRAT\SD\Temps\105_zone_edits_2.shp,St_FIPS,-1,-1;C_FIPS "C_FIPS" true false false 5 Text 0 0 ,First,#,A:\AFS\STRAT\SD\Temps\105_zone_edits_2.shp,C_FIPS,-1,-1;PSU "PSU" true false false 4 Long 0 10 ,First,#,A:\AFS\STRAT\SD\Temps\105_zone_edits_2.shp,PSU,-1,-1;Strata "Strata" true true false 2 Short 0 5 ,First,#,A:\AFS\STRAT\SD\Temps\105_zone_edits_2.shp,Strata,-1,-1;PSU_Acres "Acres" true false false 8 Double 3 12 ,First,#,A:\AFS\STRAT\SD\Temps\105_zone_edits_2.shp,PSU_Acres,-1,-1;PSU_Area "Area" true false false 8 Double 3 12 ,First,#,A:\AFS\STRAT\SD\Temps\105_zone_edits_2.shp,PSU_Area,-1,-1;PSU_segs "PSU_segs" true false false 4 Long 0 10 ,First,#,A:\AFS\STRAT\SD\Temps\105_zone_edits_2.shp,PSU_segs,-1,-1;PSU_sel "PSU_sel" true false false 2 Text 0 0 ,First,#,A:\AFS\STRAT\SD\Temps\105_zone_edits_2.shp,PSU_sel,-1,-1;X_coord "X_coord" true false false 8 Double 3 12 ,First,#,A:\AFS\STRAT\SD\Temps\105_zone_edits_2.shp,X_coord,-1,-1;Y_coord "Y_coord" true false false 8 Double 3 12 ,First,#,A:\AFS\STRAT\SD\Temps\105_zone_edits_2.shp,Y_coord,-1,-1;County "County" true false false 23 Text 0 0 ,First,#,A:\AFS\STRAT\SD\Temps\105_zone_edits_2.shp,County,-1,-1;SHAPE.area "SHAPE.area" false false true 0 Double 0 0 ,First,#;SHAPE.len "SHAPE.len" false false true 0 Double 0 0 ,First,#" #</Process><Process ToolSource="c:\program files\arcgis\desktop10.0\ArcToolbox\Toolboxes\Data Management Tools.tbx\Append" Date="20121023" Time="153717">Append OK_13 Frame_13 NO_TEST "S_FIPS "S_FIPS" true false false 4 Long 0 10 ,First,#,D:\Work\Temp\SDE10\OK_13.shp,S_FIPS,-1,-1;St_FIPS "St_FIPS" true false false 5 Text 0 0 ,First,#,D:\Work\Temp\SDE10\OK_13.shp,St_FIPS,-1,-1;C_FIPS "C_FIPS" true false false 5 Text 0 0 ,First,#,D:\Work\Temp\SDE10\OK_13.shp,C_FIPS,-1,-1;PSU "PSU" true false false 4 Long 0 10 ,First,#,D:\Work\Temp\SDE10\OK_13.shp,PSU,-1,-1;Strata "Strata" true true false 2 Short 0 5 ,First,#,D:\Work\Temp\SDE10\OK_13.shp,Strata,-1,-1;PSU_Acres "Acres" true false false 8 Double 3 12 ,First,#,D:\Work\Temp\SDE10\OK_13.shp,PSU_Acres,-1,-1;PSU_Area "Area" true false false 8 Double 3 12 ,First,#,D:\Work\Temp\SDE10\OK_13.shp,PSU_Area,-1,-1;PSU_segs "PSU_segs" true false false 4 Long 0 10 ,First,#,D:\Work\Temp\SDE10\OK_13.shp,PSU_segs,-1,-1;PSU_sel "PSU_sel" true false false 2 Text 0 0 ,First,#,D:\Work\Temp\SDE10\OK_13.shp,PSU_sel,-1,-1;X_coord "X_coord" true false false 8 Double 3 12 ,First,#,D:\Work\Temp\SDE10\OK_13.shp,X_coord,-1,-1;Y_coord "Y_coord" true false false 8 Double 3 12 ,First,#,D:\Work\Temp\SDE10\OK_13.shp,Y_coord,-1,-1;County "County" true false false 23 Text 0 0 ,First,#,D:\Work\Temp\SDE10\OK_13.shp,County,-1,-1;SHAPE.area "SHAPE.area" false false true 0 Double 0 0 ,First,#;SHAPE.len "SHAPE.len" false false true 0 Double 0 0 ,First,#" Oklahoma</Process><Process ToolSource="C:\Program Files\ArcGIS\Desktop10.0\ArcToolbox\Toolboxes\Data Management Tools.tbx\CalculateField" Date="20121024" Time="163505">CalculateField Frame_13 Strata "11" VB #</Process><Process ToolSource="C:\Program Files\ArcGIS\Desktop10.0\ArcToolbox\Toolboxes\Data Management Tools.tbx\CalculateField" Date="20121024" Time="163626">CalculateField Frame_13 Strata "12" VB #</Process><Process ToolSource="C:\Program Files\ArcGIS\Desktop10.0\ArcToolbox\Toolboxes\Data Management Tools.tbx\CalculateField" Date="20121024" Time="163845">CalculateField Frame_13 Strata "22" VB #</Process><Process ToolSource="C:\Program Files\ArcGIS\Desktop10.0\ArcToolbox\Toolboxes\Data Management Tools.tbx\CalculateField" Date="20121024" Time="163934">CalculateField Frame_13 Strata "40" VB #</Process><Process ToolSource="C:\Program Files\ArcGIS\Desktop10.0\ArcToolbox\Toolboxes\Data Management Tools.tbx\CalculateField" Date="20121126" Time="180619">CalculateField Frames Strata 11 VB #</Process><Process ToolSource="C:\Program Files\ArcGIS\Desktop10.0\ArcToolbox\Toolboxes\Data Management Tools.tbx\CalculateField" Date="20121126" Time="180747">CalculateField Frames Strata 22 VB #</Process><Process ToolSource="C:\Program Files\ArcGIS\Desktop10.0\ArcToolbox\Toolboxes\Data Management Tools.tbx\CalculateField" Date="20121126" Time="181732">CalculateField Frames Strata 40 VB #</Process><Process ToolSource="c:\program files\arcgis\desktop10.0\ArcToolbox\Toolboxes\Data Management Tools.tbx\Append" Date="20130124" Time="165023">Append NM2013_z13 Frame_13 NO_TEST "S_FIPS "S_FIPS" true false false 4 Long 0 10 ,First,#,D:\Work\Temp\NM2013_z13.shp,S_FIPS,-1,-1;St_FIPS "St_FIPS" true false false 5 Text 0 0 ,First,#,D:\Work\Temp\NM2013_z13.shp,St_FIPS,-1,-1;C_FIPS "C_FIPS" true false false 5 Text 0 0 ,First,#,D:\Work\Temp\NM2013_z13.shp,C_FIPS,-1,-1;PSU "PSU" true false false 4 Long 0 10 ,First,#,D:\Work\Temp\NM2013_z13.shp,PSU,-1,-1;Strata "Strata" true true false 2 Short 0 5 ,First,#,D:\Work\Temp\NM2013_z13.shp,Strata,-1,-1;PSU_Acres "Acres" true false false 8 Double 3 12 ,First,#,D:\Work\Temp\NM2013_z13.shp,PSU_Acres,-1,-1;PSU_Area "Area" true false false 8 Double 3 12 ,First,#,D:\Work\Temp\NM2013_z13.shp,PSU_Area,-1,-1;PSU_segs "PSU_segs" true false false 4 Long 0 10 ,First,#,D:\Work\Temp\NM2013_z13.shp,PSU_segs,-1,-1;PSU_sel "PSU_sel" true false false 2 Text 0 0 ,First,#,D:\Work\Temp\NM2013_z13.shp,PSU_sel,-1,-1;X_coord "X_coord" true false false 8 Double 3 12 ,First,#,D:\Work\Temp\NM2013_z13.shp,X_coord,-1,-1;Y_coord "Y_coord" true false false 8 Double 3 12 ,First,#,D:\Work\Temp\NM2013_z13.shp,Y_coord,-1,-1;County "County" true false false 23 Text 0 0 ,First,#,D:\Work\Temp\NM2013_z13.shp,County,-1,-1;SHAPE.area "SHAPE.area" false false true 0 Double 0 0 ,First,#;SHAPE.len "SHAPE.len" false false true 0 Double 0 0 ,First,#" "New Mexico"</Process><Process ToolSource="c:\program files\arcgis\desktop10.0\ArcToolbox\Toolboxes\Data Management Tools.tbx\CalculateField" Date="20130723" Time="132801">CalculateField Frame_13 Strata 14 VB #</Process><Process ToolSource="c:\program files\arcgis\desktop10.0\ArcToolbox\Toolboxes\Data Management Tools.tbx\CalculateField" Date="20130723" Time="132929">CalculateField Frame_13 Strata 15 VB #</Process><Process ToolSource="c:\program files\arcgis\desktop10.0\ArcToolbox\Toolboxes\Data Management Tools.tbx\CalculateField" Date="20130723" Time="133236">CalculateField Frame_13 Strata 21 VB #</Process><Process ToolSource="c:\program files\arcgis\desktop10.0\ArcToolbox\Toolboxes\Data Management Tools.tbx\CalculateField" Date="20130723" Time="135553">CalculateField Frame_13 Strata 14 VB #</Process><Process ToolSource="c:\program files\arcgis\desktop10.0\ArcToolbox\Toolboxes\Data Management Tools.tbx\CalculateField" Date="20130723" Time="135731">CalculateField Frame_13 Strata 15 VB #</Process><Process ToolSource="c:\program files\arcgis\desktop10.0\ArcToolbox\Toolboxes\Data Management Tools.tbx\CalculateField" Date="20130723" Time="135839">CalculateField Frame_13 Strata 21 VB #</Process><Process ToolSource="c:\program files\arcgis\desktop10.0\ArcToolbox\Toolboxes\Data Management Tools.tbx\CalculateField" Date="20130723" Time="140202">CalculateField Frame_13 Strata 14 VB #</Process><Process ToolSource="c:\program files\arcgis\desktop10.0\ArcToolbox\Toolboxes\Data Management Tools.tbx\CalculateField" Date="20130723" Time="140319">CalculateField Frame_13 Strata 15 VB #</Process><Process ToolSource="c:\program files\arcgis\desktop10.0\ArcToolbox\Toolboxes\Data Management Tools.tbx\CalculateField" Date="20130723" Time="140754">CalculateField Frame_13 Strata 21 VB #</Process><Process ToolSource="c:\program files\arcgis\desktop10.0\ArcToolbox\Toolboxes\Data Management Tools.tbx\CalculateField" Date="20130723" Time="141140">CalculateField Frame_13 Strata 14 VB #</Process><Process ToolSource="c:\program files\arcgis\desktop10.0\ArcToolbox\Toolboxes\Data Management Tools.tbx\CalculateField" Date="20130723" Time="141347">CalculateField Frame_13 Strata 15 VB #</Process><Process ToolSource="c:\program files\arcgis\desktop10.0\ArcToolbox\Toolboxes\Data Management Tools.tbx\CalculateField" Date="20130723" Time="141440">CalculateField Frame_13 Strata 21 VB #</Process><Process ToolSource="c:\program files\arcgis\desktop10.0\ArcToolbox\Toolboxes\Data Management Tools.tbx\CalculateField" Date="20130723" Time="141654">CalculateField Frame_13 Strata 14 VB #</Process><Process ToolSource="c:\program files\arcgis\desktop10.0\ArcToolbox\Toolboxes\Data Management Tools.tbx\CalculateField" Date="20130723" Time="141744">CalculateField Frame_13 Strata 15 VB #</Process><Process ToolSource="c:\program files\arcgis\desktop10.0\ArcToolbox\Toolboxes\Data Management Tools.tbx\CalculateField" Date="20130723" Time="141819">CalculateField Frame_13 Strata 21 VB #</Process><Process ToolSource="c:\program files\arcgis\desktop10.0\ArcToolbox\Toolboxes\Data Management Tools.tbx\CalculateField" Date="20130723" Time="142044">CalculateField Frame_13 Strata 14 VB #</Process><Process ToolSource="c:\program files\arcgis\desktop10.0\ArcToolbox\Toolboxes\Data Management Tools.tbx\CalculateField" Date="20130723" Time="142124">CalculateField Frame_13 Strata 15 VB #</Process><Process ToolSource="c:\program files\arcgis\desktop10.0\ArcToolbox\Toolboxes\Data Management Tools.tbx\CalculateField" Date="20130723" Time="142157">CalculateField Frame_13 Strata 21 VB #</Process><Process ToolSource="c:\program files\arcgis\desktop10.0\ArcToolbox\Toolboxes\Data Management Tools.tbx\CalculateField" Date="20130723" Time="163946">CalculateField Frame_13 Strata 14 VB #</Process><Process ToolSource="c:\program files\arcgis\desktop10.0\ArcToolbox\Toolboxes\Data Management Tools.tbx\CalculateField" Date="20130723" Time="165423">CalculateField Frame_13 Strata 21 VB #</Process><Process ToolSource="c:\program files\arcgis\desktop10.0\ArcToolbox\Toolboxes\Data Management Tools.tbx\Append" Date="20140911" Time="135221">Append C:\Straterry\NE_zone13.shp Frames NO_TEST "S_FIPS "S_FIPS" true false false 4 Long 0 10 ,First,#,C:\Straterry\NE_zone13.shp,S_FIPS,-1,-1;St_FIPS "St_FIPS" true false false 5 Text 0 0 ,First,#,C:\Straterry\NE_zone13.shp,St_FIPS,-1,-1;C_FIPS "C_FIPS" true false false 5 Text 0 0 ,First,#,C:\Straterry\NE_zone13.shp,C_FIPS,-1,-1;PSU "PSU" true false false 4 Long 0 10 ,First,#,C:\Straterry\NE_zone13.shp,PSU,-1,-1;Strata "Strata" true true false 2 Short 0 5 ,First,#,C:\Straterry\NE_zone13.shp,Strata,-1,-1;PSU_Acres "Acres" true false false 8 Double 3 12 ,First,#,C:\Straterry\NE_zone13.shp,PSU_Acres,-1,-1;PSU_Area "Area" true false false 8 Double 3 12 ,First,#,C:\Straterry\NE_zone13.shp,PSU_Area,-1,-1;PSU_segs "PSU_segs" true false false 4 Long 0 10 ,First,#,C:\Straterry\NE_zone13.shp,PSU_segs,-1,-1;PSU_sel "PSU_sel" true false false 2 Text 0 0 ,First,#,C:\Straterry\NE_zone13.shp,PSU_sel,-1,-1;X_coord "X_coord" true false false 8 Double 3 12 ,First,#,C:\Straterry\NE_zone13.shp,X_coord,-1,-1;Y_coord "Y_coord" true false false 8 Double 3 12 ,First,#,C:\Straterry\NE_zone13.shp,Y_coord,-1,-1;County "County" true false false 23 Text 0 0 ,First,#,C:\Straterry\NE_zone13.shp,County,-1,-1;GlobalID "GlobalID" false false false 38 GlobalID 0 0 ,First,#;SHAPE.area "SHAPE.area" false false true 0 Double 0 0 ,First,#;SHAPE.len "SHAPE.len" false false true 0 Double 0 0 ,First,#" #</Process><Process ToolSource="C:\Program Files\ArcGIS\Desktop10.0\ArcToolbox\Toolboxes\Data Management Tools.tbx\CalculateField" Date="20141020" Time="161224">CalculateField Frames Strata 12 VB #</Process><Process ToolSource="C:\Program Files\ArcGIS\Desktop10.0\ArcToolbox\Toolboxes\Data Management Tools.tbx\CalculateField" Date="20141020" Time="161821">CalculateField Frames Strata 20 VB #</Process><Process ToolSource="C:\Program Files\ArcGIS\Desktop10.0\ArcToolbox\Toolboxes\Data Management Tools.tbx\CalculateField" Date="20141020" Time="163126">CalculateField Frames Strata 11 VB #</Process><Process ToolSource="C:\Program Files\ArcGIS\Desktop10.0\ArcToolbox\Toolboxes\Data Management Tools.tbx\CalculateField" Date="20141020" Time="163426">CalculateField Frames Strata 20 VB #</Process><Process ToolSource="C:\Program Files\ArcGIS\Desktop10.0\ArcToolbox\Toolboxes\Data Management Tools.tbx\CalculateField" Date="20141020" Time="164238">CalculateField Frames Strata 40 VB #</Process><Process ToolSource="C:\Program Files\ArcGIS\Desktop10.0\ArcToolbox\Toolboxes\Data Management Tools.tbx\CalculateField" Date="20141020" Time="164557">CalculateField Frames Strata 12 VB #</Process><Process ToolSource="C:\Program Files\ArcGIS\Desktop10.0\ArcToolbox\Toolboxes\Data Management Tools.tbx\CalculateField" Date="20141020" Time="164737">CalculateField Frames Strata 11 VB #</Process><Process ToolSource="C:\Program Files\ArcGIS\Desktop10.0\ArcToolbox\Toolboxes\Data Management Tools.tbx\CalculateField" Date="20141020" Time="164913">CalculateField Frames Strata 20 VB #</Process><Process ToolSource="C:\Program Files\ArcGIS\Desktop10.0\ArcToolbox\Toolboxes\Data Management Tools.tbx\CalculateField" Date="20141020" Time="165328">CalculateField Frames Strata 42 VB #</Process><Process ToolSource="C:\Program Files\ArcGIS\Desktop10.0\ArcToolbox\Toolboxes\Data Management Tools.tbx\CalculateField" Date="20141020" Time="165638">CalculateField Frames Strata 40 VB #</Process><Process ToolSource="C:\Program Files\ArcGIS\Desktop10.0\ArcToolbox\Toolboxes\Data Management Tools.tbx\CalculateField" Date="20150810" Time="141447">CalculateField Frame_13 County "Banner" VB #</Process><Process ToolSource="C:\Program Files\ArcGIS\Desktop10.0\ArcToolbox\Toolboxes\Data Management Tools.tbx\CalculateField" Date="20150810" Time="141653">CalculateField Frame_13 County "Cheyenne" VB #</Process><Process ToolSource="C:\Program Files\ArcGIS\Desktop10.0\ArcToolbox\Toolboxes\Data Management Tools.tbx\CalculateField" Date="20150810" Time="141738">CalculateField Frame_13 County "Dawes" VB #</Process><Process ToolSource="C:\Program Files\ArcGIS\Desktop10.0\ArcToolbox\Toolboxes\Data Management Tools.tbx\CalculateField" Date="20150810" Time="141817">CalculateField Frame_13 County "Deuel" VB #</Process><Process ToolSource="C:\Program Files\ArcGIS\Desktop10.0\ArcToolbox\Toolboxes\Data Management Tools.tbx\CalculateField" Date="20150810" Time="141908">CalculateField Frame_13 County "Garden" VB #</Process><Process ToolSource="C:\Program Files\ArcGIS\Desktop10.0\ArcToolbox\Toolboxes\Data Management Tools.tbx\CalculateField" Date="20150810" Time="141938">CalculateField Frame_13 County "Kimball" VB #</Process><Process ToolSource="C:\Program Files\ArcGIS\Desktop10.0\ArcToolbox\Toolboxes\Data Management Tools.tbx\CalculateField" Date="20150810" Time="142036">CalculateField Frame_13 County "Morrill" VB #</Process><Process ToolSource="C:\Program Files\ArcGIS\Desktop10.0\ArcToolbox\Toolboxes\Data Management Tools.tbx\CalculateField" Date="20150810" Time="142116">CalculateField Frame_13 County "Scotts Bluff" VB #</Process><Process ToolSource="C:\Program Files\ArcGIS\Desktop10.0\ArcToolbox\Toolboxes\Data Management Tools.tbx\CalculateField" Date="20150810" Time="142158">CalculateField Frame_13 County "Sheridan" VB #</Process><Process ToolSource="C:\Program Files\ArcGIS\Desktop10.0\ArcToolbox\Toolboxes\Data Management Tools.tbx\CalculateField" Date="20150810" Time="142234">CalculateField Frame_13 County "Sioux" VB #</Process><Process ToolSource="c:\program files\arcgis\desktop10.0\ArcToolbox\Toolboxes\Data Management Tools.tbx\Analyze" Date="20160203" Time="113026">Analyze "Database Connections\gisadmin_Default.sde\AFSsde.GISADMIN.z13\AFSsde.GISADMIN.Frame_13" BUSINESS;FEATURE;ADDS;DELETES</Process><Process Name="Process " ToolSource="C:\Program Files\ArcGIS\Desktop10.0\ArcToolbox\Toolboxes\Data Management Tools.tbx\Analyze" Date="20160209" Time="161531">Analyze "Database Connections\gisadmin_Default.sde\AFSsde.GISADMIN.z13\AFSsde.GISADMIN.Frame_13" BUSINESS;FEATURE;ADDS;DELETES</Process><Process Name="Process " ToolSource="C:\Program Files\ArcGIS\Desktop10.0\ArcToolbox\Toolboxes\Data Management Tools.tbx\Analyze" Date="20160219" Time="105227">Analyze "Database Connections\gisadmin_Default.sde\AFSsde.GISADMIN.z13\AFSsde.GISADMIN.Frame_13" BUSINESS;FEATURE;ADDS;DELETES</Process><Process Name="Process " ToolSource="C:\Program Files\ArcGIS\Desktop10.0\ArcToolbox\Toolboxes\Data Management Tools.tbx\Analyze" Date="20160220" Time="102221">Analyze "Database Connections\gisadmin_Default.sde\AFSsde.GISADMIN.z13\AFSsde.GISADMIN.Frame_13" BUSINESS;FEATURE;ADDS;DELETES</Process><Process ToolSource="c:\program files\arcgis\desktop10.3\ArcToolbox\Toolboxes\Data Management Tools.tbx\CalculateField" Date="20160310" Time="152101">CalculateField Frame_13 C_FIPS "102" VB #</Process><Process ToolSource="c:\program files\arcgis\desktop10.3\ArcToolbox\Toolboxes\Data Management Tools.tbx\CalculateField" Date="20161104" Time="105948">CalculateField Frames Strata 20 VB #</Process><Process ToolSource="c:\program files\arcgis\desktop10.3\ArcToolbox\Toolboxes\Data Management Tools.tbx\CalculateField" Date="20161104" Time="110900">CalculateField Frames Strata 40 VB #</Process><Process ToolSource="c:\program files\arcgis\desktop10.3\ArcToolbox\Toolboxes\Data Management Tools.tbx\CalculateField" Date="20161104" Time="110959">CalculateField Frames Strata 10 VB #</Process><Process ToolSource="c:\program files\arcgis\desktop10.3\ArcToolbox\Toolboxes\Data Management Tools.tbx\CalculateField" Date="20161104" Time="111328">CalculateField Frames Strata 40 VB #</Process><Process ToolSource="c:\program files\arcgis\desktop10.3\ArcToolbox\Toolboxes\Data Management Tools.tbx\CalculateField" Date="20161104" Time="112028">CalculateField Frames Strata 20 VB #</Process><Process ToolSource="c:\program files\arcgis\desktop10.3\ArcToolbox\Toolboxes\Data Management Tools.tbx\CalculateField" Date="20161104" Time="112546">CalculateField Frames Strata 20 VB #</Process><Process ToolSource="c:\program files\arcgis\desktop10.3\ArcToolbox\Toolboxes\Data Management Tools.tbx\CalculateField" Date="20161104" Time="113027">CalculateField "Texas reference data\Frames" Strata 41
 VB #</Process><Process ToolSource="c:\program files\arcgis\desktop10.3\ArcToolbox\Toolboxes\Data Management Tools.tbx\CalculateField" Date="20161104" Time="113047">CalculateField "Texas reference data\Frames" Strata 43
 VB #</Process><Process ToolSource="c:\program files\arcgis\desktop10.3\ArcToolbox\Toolboxes\Data Management Tools.tbx\CalculateField" Date="20161104" Time="113837">CalculateField "Texas reference data\Frames" Strata 43
 VB #</Process><Process ToolSource="c:\program files\arcgis\desktop10.3\ArcToolbox\Toolboxes\Data Management Tools.tbx\CalculateField" Date="20161104" Time="114128">CalculateField "Texas reference data\Frames" Strata 41
 VB #</Process><Process ToolSource="c:\program files\arcgis\desktop10.3\ArcToolbox\Toolboxes\Data Management Tools.tbx\CalculateField" Date="20161104" Time="114428">CalculateField Frames Strata 10
 VB #</Process><Process ToolSource="c:\program files\arcgis\desktop10.3\ArcToolbox\Toolboxes\Data Management Tools.tbx\CalculateField" Date="20161212" Time="165753">CalculateField Frames County "[County] =Oldham" VB #</Process><Process ToolSource="c:\program files\arcgis\desktop10.3\ArcToolbox\Toolboxes\Data Management Tools.tbx\CalculateField" Date="20161212" Time="165815">CalculateField Frames County "[County] =Oldham" VB #</Process><Process ToolSource="c:\program files\arcgis\desktop10.3\ArcToolbox\Toolboxes\Data Management Tools.tbx\CalculateField" Date="20161212" Time="165905">CalculateField Frames County "[County] ="Oldham"" VB #</Process><Process ToolSource="c:\program files\arcgis\desktop10.3\ArcToolbox\Toolboxes\Data Management Tools.tbx\CalculateField" Date="20161212" Time="165923">CalculateField Frames County "[County] =359" VB #</Process><Process ToolSource="c:\program files\arcgis\desktop10.3\ArcToolbox\Toolboxes\Data Management Tools.tbx\CalculateField" Date="20161212" Time="165958">CalculateField Frames County "[County] = Oldham" VB #</Process><Process ToolSource="c:\program files\arcgis\desktop10.3\ArcToolbox\Toolboxes\Data Management Tools.tbx\Append" Date="20170407" Time="104203">Append Frame_14 Frame_13 NO_TEST "S_FIPS "S_FIPS" true false false 4 Long 0 10 ,First,#,Frame_14,S_FIPS,-1,-1;St_FIPS "St_FIPS" true false false 5 Text 0 0 ,First,#,Frame_14,St_FIPS,-1,-1;C_FIPS "C_FIPS" true false false 5 Text 0 0 ,First,#,Frame_14,C_FIPS,-1,-1;PSU "PSU" true false false 4 Long 0 10 ,First,#,Frame_14,PSU,-1,-1;Strata "Strata" true true false 2 Short 0 5 ,First,#,Frame_14,Strata,-1,-1;PSU_Acres "Acres" true false false 8 Double 3 12 ,First,#,Frame_14,PSU_Acres,-1,-1;PSU_Area "Area" true false false 8 Double 3 12 ,First,#,Frame_14,PSU_Area,-1,-1;PSU_segs "PSU_segs" true false false 4 Long 0 10 ,First,#,Frame_14,PSU_segs,-1,-1;PSU_sel "PSU_sel" true false false 2 Text 0 0 ,First,#,Frame_14,PSU_sel,-1,-1;X_coord "X_coord" true false false 8 Double 3 12 ,First,#,Frame_14,X_coord,-1,-1;Y_coord "Y_coord" true false false 8 Double 3 12 ,First,#,Frame_14,Y_coord,-1,-1;County "County" true false false 23 Text 0 0 ,First,#,Frame_14,County,-1,-1;GlobalID "GlobalID" false false false 38 GlobalID 0 0 ,First,#;SHAPE.area "SHAPE.area" false false true 0 Double 0 0 ,First,#,Frame_14,SHAPE.area,-1,-1;SHAPE.len "SHAPE.len" false false true 0 Double 0 0 ,First,#,Frame_14,SHAPE.len,-1,-1" Texas</Process><Process ToolSource="c:\program files\arcgis\desktop10.3\ArcToolbox\Toolboxes\Data Management Tools.tbx\Append" Date="20170411" Time="134605">Append Frame_14 Frames NO_TEST "S_FIPS "S_FIPS" true false false 4 Long 0 10 ,First,#,Frame_14,S_FIPS,-1,-1;St_FIPS "St_FIPS" true false false 5 Text 0 0 ,First,#,Frame_14,St_FIPS,-1,-1;C_FIPS "C_FIPS" true false false 5 Text 0 0 ,First,#,Frame_14,C_FIPS,-1,-1;PSU "PSU" true false false 4 Long 0 10 ,First,#,Frame_14,PSU,-1,-1;Strata "Strata" true true false 2 Short 0 5 ,First,#,Frame_14,Strata,-1,-1;PSU_Acres "Acres" true false false 8 Double 3 12 ,First,#,Frame_14,PSU_Acres,-1,-1;PSU_Area "Area" true false false 8 Double 3 12 ,First,#,Frame_14,PSU_Area,-1,-1;PSU_segs "PSU_segs" true false false 4 Long 0 10 ,First,#,Frame_14,PSU_segs,-1,-1;PSU_sel "PSU_sel" true false false 2 Text 0 0 ,First,#,Frame_14,PSU_sel,-1,-1;X_coord "X_coord" true false false 8 Double 3 12 ,First,#,Frame_14,X_coord,-1,-1;Y_coord "Y_coord" true false false 8 Double 3 12 ,First,#,Frame_14,Y_coord,-1,-1;County "County" true false false 23 Text 0 0 ,First,#,Frame_14,County,-1,-1;GlobalID "GlobalID" false false false 38 GlobalID 0 0 ,First,#;SHAPE.area "SHAPE.area" false false true 0 Double 0 0 ,First,#,Frame_14,SHAPE.area,-1,-1;SHAPE.len "SHAPE.len" false false true 0 Double 0 0 ,First,#,Frame_14,SHAPE.len,-1,-1" Texas</Process><Process ToolSource="c:\program files (x86)\arcgis\desktop10.3\ArcToolbox\Toolboxes\Data Management Tools.tbx\CalculateField" Date="20180103" Time="094308">CalculateField Frames Strata 14 VB #</Process><Process ToolSource="c:\program files (x86)\arcgis\desktop10.3\ArcToolbox\Toolboxes\Data Management Tools.tbx\CalculateField" Date="20180103" Time="094927">CalculateField Frames Strata 14 VB #</Process><Process ToolSource="c:\program files (x86)\arcgis\desktop10.3\ArcToolbox\Toolboxes\Data Management Tools.tbx\CalculateField" Date="20180103" Time="095153">CalculateField Frames Strata 14 VB #</Process><Process ToolSource="c:\program files (x86)\arcgis\desktop10.3\ArcToolbox\Toolboxes\Data Management Tools.tbx\CalculateField" Date="20180103" Time="095418">CalculateField Frames Strata 14 VB #</Process><Process ToolSource="c:\program files (x86)\arcgis\desktop10.3\ArcToolbox\Toolboxes\Data Management Tools.tbx\CalculateField" Date="20180103" Time="100628">CalculateField Frames Strata 14 VB #</Process><Process ToolSource="c:\program files (x86)\arcgis\desktop10.3\ArcToolbox\Toolboxes\Data Management Tools.tbx\CalculateField" Date="20180103" Time="100934">CalculateField Frames Strata 14 VB #</Process><Process ToolSource="c:\program files (x86)\arcgis\desktop10.3\ArcToolbox\Toolboxes\Data Management Tools.tbx\CalculateField" Date="20180103" Time="101344">CalculateField Frames Strata 14 VB #</Process><Process ToolSource="c:\program files (x86)\arcgis\desktop10.3\ArcToolbox\Toolboxes\Data Management Tools.tbx\CalculateField" Date="20180103" Time="103324">CalculateField Frames Strata 14 VB #</Process><Process ToolSource="c:\program files (x86)\arcgis\desktop10.3\ArcToolbox\Toolboxes\Data Management Tools.tbx\CalculateField" Date="20180103" Time="104612">CalculateField Frames County Dallam VB #</Process><Process ToolSource="c:\program files (x86)\arcgis\desktop10.3\ArcToolbox\Toolboxes\Data Management Tools.tbx\CalculateField" Date="20180110" Time="132552">CalculateField Frames Strata 24 VB #</Process><Process ToolSource="c:\program files (x86)\arcgis\desktop10.3\ArcToolbox\Toolboxes\Data Management Tools.tbx\CalculateField" Date="20180110" Time="134053">CalculateField Frames Strata 24 VB #</Process><Process ToolSource="c:\program files (x86)\arcgis\desktop10.3\ArcToolbox\Toolboxes\Data Management Tools.tbx\CalculateField" Date="20180110" Time="143548">CalculateField Frames Strata 24 VB #</Process><Process ToolSource="c:\program files (x86)\arcgis\desktop10.3\ArcToolbox\Toolboxes\Data Management Tools.tbx\CalculateField" Date="20180110" Time="144927">CalculateField Frames Strata 24 VB #</Process><Process ToolSource="c:\program files (x86)\arcgis\desktop10.3\ArcToolbox\Toolboxes\Data Management Tools.tbx\CalculateField" Date="20180110" Time="145151">CalculateField Frames Strata 24 VB #</Process><Process ToolSource="c:\program files (x86)\arcgis\desktop10.3\ArcToolbox\Toolboxes\Data Management Tools.tbx\CalculateField" Date="20180110" Time="145319">CalculateField Frames Strata 24 VB #</Process><Process ToolSource="c:\program files (x86)\arcgis\desktop10.3\ArcToolbox\Toolboxes\Data Management Tools.tbx\CalculateField" Date="20180110" Time="150506">CalculateField Frames Strata 24 VB #</Process><Process ToolSource="c:\program files (x86)\arcgis\desktop10.3\ArcToolbox\Toolboxes\Data Management Tools.tbx\CalculateField" Date="20180110" Time="150656">CalculateField Frames Strata 24 VB #</Process><Process ToolSource="c:\program files (x86)\arcgis\desktop10.3\ArcToolbox\Toolboxes\Data Management Tools.tbx\CalculateField" Date="20180110" Time="151535">CalculateField Frames Strata 24 VB #</Process><Process ToolSource="c:\program files (x86)\arcgis\desktop10.3\ArcToolbox\Toolboxes\Data Management Tools.tbx\CalculateField" Date="20180110" Time="151709">CalculateField Frames Strata 24 VB #</Process><Process ToolSource="c:\program files (x86)\arcgis\desktop10.3\ArcToolbox\Toolboxes\Data Management Tools.tbx\CalculateField" Date="20180110" Time="155912">CalculateField Frames Strata 24 VB #</Process><Process ToolSource="c:\program files (x86)\arcgis\desktop10.3\ArcToolbox\Toolboxes\Data Management Tools.tbx\CalculateField" Date="20180110" Time="160816">CalculateField Frames Strata 24 VB #</Process><Process ToolSource="c:\program files (x86)\arcgis\desktop10.3\ArcToolbox\Toolboxes\Data Management Tools.tbx\CalculateField" Date="20180110" Time="160844">CalculateField Frames Strata 20 VB #</Process><Process ToolSource="c:\program files (x86)\arcgis\desktop10.3\ArcToolbox\Toolboxes\Data Management Tools.tbx\CalculateField" Date="20180110" Time="161654">CalculateField Frames Strata 24 VB #</Process><Process ToolSource="c:\program files (x86)\arcgis\desktop10.3\ArcToolbox\Toolboxes\Data Management Tools.tbx\CalculateField" Date="20180430" Time="091231">CalculateField Frames Strata 20 VB #</Process><Process ToolSource="c:\program files (x86)\arcgis\desktop10.3\ArcToolbox\Toolboxes\Data Management Tools.tbx\CalculateField" Date="20180430" Time="091716">CalculateField Frames Strata 20 VB #</Process><Process ToolSource="c:\program files (x86)\arcgis\desktop10.3\ArcToolbox\Toolboxes\Data Management Tools.tbx\CalculateField" Date="20180430" Time="091812">CalculateField Frames Strata 20 VB #</Process><Process ToolSource="c:\program files (x86)\arcgis\desktop10.3\ArcToolbox\Toolboxes\Data Management Tools.tbx\CalculateField" Date="20180430" Time="092121">CalculateField Frames Strata 20 VB #</Process><Process ToolSource="c:\program files (x86)\arcgis\desktop10.3\ArcToolbox\Toolboxes\Data Management Tools.tbx\CalculateField" Date="20180430" Time="103244">CalculateField Frames Strata 20 VB #</Process><Process ToolSource="c:\program files (x86)\arcgis\desktop10.3\ArcToolbox\Toolboxes\Data Management Tools.tbx\CalculateField" Date="20180430" Time="103626">CalculateField Frames Strata 20 VB #</Process><Process ToolSource="c:\program files (x86)\arcgis\desktop10.3\ArcToolbox\Toolboxes\Data Management Tools.tbx\CalculateField" Date="20180430" Time="103758">CalculateField Frames Strata 20 VB #</Process><Process ToolSource="c:\program files (x86)\arcgis\desktop10.3\ArcToolbox\Toolboxes\Data Management Tools.tbx\CalculateField" Date="20180430" Time="104028">CalculateField Frames Strata 20 VB #</Process><Process ToolSource="c:\program files (x86)\arcgis\desktop10.3\ArcToolbox\Toolboxes\Data Management Tools.tbx\CalculateField" Date="20180430" Time="104115">CalculateField Frames Strata 20 VB #</Process><Process ToolSource="c:\program files (x86)\arcgis\desktop10.3\ArcToolbox\Toolboxes\Data Management Tools.tbx\CalculateField" Date="20180430" Time="113155">CalculateField Frames Strata 20 VB #</Process><Process ToolSource="c:\program files (x86)\arcgis\desktop10.3\ArcToolbox\Toolboxes\Data Management Tools.tbx\CalculateField" Date="20180430" Time="113537">CalculateField Frames Strata 20 VB #</Process><Process ToolSource="c:\program files (x86)\arcgis\desktop10.3\ArcToolbox\Toolboxes\Data Management Tools.tbx\CalculateField" Date="20180430" Time="113641">CalculateField Frames Strata 20 VB #</Process><Process ToolSource="c:\program files (x86)\arcgis\desktop10.3\ArcToolbox\Toolboxes\Data Management Tools.tbx\CalculateField" Date="20180430" Time="113719">CalculateField Frames Strata 20 VB #</Process><Process ToolSource="c:\program files (x86)\arcgis\desktop10.3\ArcToolbox\Toolboxes\Data Management Tools.tbx\CalculateField" Date="20180430" Time="113803">CalculateField Frames Strata 20 VB #</Process><Process ToolSource="c:\program files (x86)\arcgis\desktop10.3\ArcToolbox\Toolboxes\Data Management Tools.tbx\CalculateField" Date="20180430" Time="113859">CalculateField Frames Strata 20 VB #</Process><Process ToolSource="c:\program files (x86)\arcgis\desktop10.3\ArcToolbox\Toolboxes\Data Management Tools.tbx\CalculateField" Date="20180430" Time="113946">CalculateField Frames Strata 20 VB #</Process><Process ToolSource="c:\program files (x86)\arcgis\desktop10.3\ArcToolbox\Toolboxes\Data Management Tools.tbx\CalculateField" Date="20180430" Time="114438">CalculateField Frames Strata 20 VB #</Process><Process ToolSource="c:\program files (x86)\arcgis\desktop10.3\ArcToolbox\Toolboxes\Data Management Tools.tbx\CalculateField" Date="20180430" Time="114528">CalculateField Frames Strata 20 VB #</Process><Process ToolSource="c:\program files (x86)\arcgis\desktop10.3\ArcToolbox\Toolboxes\Data Management Tools.tbx\CalculateField" Date="20180430" Time="114717">CalculateField Frames Strata 20 VB #</Process><Process ToolSource="c:\program files (x86)\arcgis\desktop10.3\ArcToolbox\Toolboxes\Data Management Tools.tbx\CalculateField" Date="20180601" Time="091422">CalculateField Frames Strata 14 VB #</Process><Process ToolSource="c:\program files (x86)\arcgis\desktop10.3\ArcToolbox\Toolboxes\Data Management Tools.tbx\CalculateField" Date="20180601" Time="091628">CalculateField Frames Strata 14 VB #</Process><Process ToolSource="c:\program files (x86)\arcgis\desktop10.3\ArcToolbox\Toolboxes\Data Management Tools.tbx\CalculateField" Date="20180601" Time="091854">CalculateField Frames Strata 14 VB #</Process><Process ToolSource="c:\program files (x86)\arcgis\desktop10.3\ArcToolbox\Toolboxes\Data Management Tools.tbx\CalculateField" Date="20180601" Time="092028">CalculateField Frames Strata 14 VB #</Process><Process ToolSource="c:\program files (x86)\arcgis\desktop10.3\ArcToolbox\Toolboxes\Data Management Tools.tbx\CalculateField" Date="20180601" Time="092308">CalculateField Frames Strata 14 VB #</Process><Process ToolSource="c:\program files (x86)\arcgis\desktop10.3\ArcToolbox\Toolboxes\Data Management Tools.tbx\CalculateField" Date="20180601" Time="092652">CalculateField Frames Strata 14 VB #</Process><Process ToolSource="c:\program files (x86)\arcgis\desktop10.3\ArcToolbox\Toolboxes\Data Management Tools.tbx\CalculateField" Date="20180601" Time="093215">CalculateField Frames Strata 14 VB #</Process><Process ToolSource="c:\program files (x86)\arcgis\desktop10.3\ArcToolbox\Toolboxes\Data Management Tools.tbx\CalculateField" Date="20180603" Time="104611">CalculateField Frames Strata 24 VB #</Process><Process ToolSource="c:\program files (x86)\arcgis\desktop10.3\ArcToolbox\Toolboxes\Data Management Tools.tbx\CalculateField" Date="20180603" Time="104754">CalculateField Frames Strata 24 VB #</Process><Process ToolSource="c:\program files (x86)\arcgis\desktop10.3\ArcToolbox\Toolboxes\Data Management Tools.tbx\CalculateField" Date="20180603" Time="105042">CalculateField Frames Strata 24 VB #</Process><Process ToolSource="c:\program files (x86)\arcgis\desktop10.3\ArcToolbox\Toolboxes\Data Management Tools.tbx\CalculateField" Date="20180603" Time="105354">CalculateField Frames Strata 24 VB #</Process><Process ToolSource="c:\program files (x86)\arcgis\desktop10.3\ArcToolbox\Toolboxes\Data Management Tools.tbx\CalculateField" Date="20180603" Time="105728">CalculateField Frames Strata 24 VB #</Process><Process ToolSource="c:\program files (x86)\arcgis\desktop10.3\ArcToolbox\Toolboxes\Data Management Tools.tbx\CalculateField" Date="20180603" Time="110015">CalculateField Frames Strata 24 VB #</Process><Process ToolSource="c:\program files (x86)\arcgis\desktop10.3\ArcToolbox\Toolboxes\Data Management Tools.tbx\CalculateField" Date="20180603" Time="111003">CalculateField Frames Strata 24 VB #</Process></lineage><itemProps><itemName Sync="TRUE">NE_strata</itemName><imsContentType Sync="TRUE">002</imsContentType><itemLocation><linkage Sync="TRUE">file://\\kcfsn02\RDD\AFS\GIB\ArcGIS\MATT\Josh_web_Data\Nebraska\NE_2015.gdb</linkage><protocol Sync="TRUE">Local Area Network</protocol></itemLocation></itemProps><coordRef><type Sync="TRUE">Geographic</type><geogcsn Sync="TRUE">GCS_North_American_1983</geogcsn><csUnits Sync="TRUE">Angular Unit: Degree (0.017453)</csUnits><peXml Sync="TRUE">&lt;GeographicCoordinateSystem xsi:type='typens:GeographicCoordinateSystem' xmlns:xsi='http://www.w3.org/2001/XMLSchema-instance' xmlns:xs='http://www.w3.org/2001/XMLSchema' xmlns:typens='http://www.esri.com/schemas/ArcGIS/10.3'&gt;&lt;WKT&gt;GEOGCS[&amp;quot;GCS_North_American_1983&amp;quot;,DATUM[&amp;quot;D_North_American_1983&amp;quot;,SPHEROID[&amp;quot;GRS_1980&amp;quot;,6378137.0,298.257222101]],PRIMEM[&amp;quot;Greenwich&amp;quot;,0.0],UNIT[&amp;quot;Degree&amp;quot;,0.0174532925199433],AUTHORITY[&amp;quot;EPSG&amp;quot;,4269]]&lt;/WKT&gt;&lt;XOrigin&gt;-400&lt;/XOrigin&gt;&lt;YOrigin&gt;-400&lt;/YOrigin&gt;&lt;XYScale&gt;999999999.99999988&lt;/XYScale&gt;&lt;ZOrigin&gt;-100000&lt;/ZOrigin&gt;&lt;ZScale&gt;10000&lt;/ZScale&gt;&lt;MOrigin&gt;-100000&lt;/MOrigin&gt;&lt;MScale&gt;10000&lt;/MScale&gt;&lt;XYTolerance&gt;8.9831528411952133e-009&lt;/XYTolerance&gt;&lt;ZTolerance&gt;0.001&lt;/ZTolerance&gt;&lt;MTolerance&gt;0.001&lt;/MTolerance&gt;&lt;HighPrecision&gt;true&lt;/HighPrecision&gt;&lt;LeftLongitude&gt;-180&lt;/LeftLongitude&gt;&lt;WKID&gt;4269&lt;/WKID&gt;&lt;LatestWKID&gt;4269&lt;/LatestWKID&gt;&lt;/GeographicCoordinateSystem&gt;</peXml></coordRef></DataProperties><ArcGISFormat>1.0</ArcGISFormat></Esri><idinfo><native Sync="TRUE">Microsoft Windows XP Version 5.1 (Build 2600) Service Pack 3; ESRI ArcCatalog 9.3.0.1770</native><descript><langdata Sync="TRUE">en</langdata><abstract>REQUIRED: A brief narrative summary of the data set.</abstract><purpose>REQUIRED: A summary of the intentions with which the data set was developed.</purpose></descript><citation><citeinfo><origin>REQUIRED: The name of an organization or individual that developed the data set.</origin><pubdate>REQUIRED: The date when the data set is published or otherwise made available for release.</pubdate><title Sync="TRUE">AFSsde.GISADMIN.Frame_13</title><ftname Sync="TRUE">AFSsde.GISADMIN.Frame_13</ftname><geoform Sync="TRUE">vector digital data</geoform><onlink Sync="TRUE">Service=sde:sqlserver:RDS-SQL; Database=AFSsde; User=sde; Version=sde.DEFAULT</onlink></citeinfo></citation><timeperd><current>REQUIRED: The basis on which the time period of content information is determined.</current><timeinfo><sngdate><caldate>REQUIRED: The year (and optionally month, or month and day) for which the data set corresponds to the ground.</caldate></sngdate></timeinfo></timeperd><status><progress>REQUIRED: The state of the data set.</progress><update>REQUIRED: The frequency with which changes and additions are made to the data set after the initial data set is completed.</update></status><spdom><bounding><westbc Sync="TRUE">-104.101911</westbc><eastbc Sync="TRUE">-101.800287</eastbc><northbc Sync="TRUE">49.032922</northbc><southbc Sync="TRUE">45.909027</southbc></bounding><lboundng><leftbc Sync="TRUE">569609.400400</leftbc><rightbc Sync="TRUE">734053.549300</rightbc><bottombc Sync="TRUE">5088368.986400</bottombc><topbc Sync="TRUE">5431552.452600</topbc></lboundng></spdom><keywords><theme><themekt>REQUIRED: Reference to a formally registered thesaurus or a similar authoritative source of theme keywords.</themekt><themekey>REQUIRED: Common-use word or phrase used to describe the subject of the data set.</themekey></theme></keywords><accconst>REQUIRED: Restrictions and legal prerequisites for accessing the data set.</accconst><useconst>REQUIRED: Restrictions and legal prerequisites for using the data set after access is granted.</useconst><natvform Sync="TRUE">SDE Feature Class</natvform></idinfo><dataIdInfo><envirDesc Sync="TRUE">Microsoft Windows 7 Version 6.1 (Build 7601) Service Pack 1; Esri ArcGIS 10.3.1.4959</envirDesc><dataLang><languageCode Sync="TRUE" value="eng"/><countryCode value="USA" Sync="TRUE"></countryCode></dataLang><idCitation><resTitle Sync="TRUE">NE_strata</resTitle><presForm><PresFormCd Sync="TRUE" value="005"/></presForm></idCitation><spatRpType><SpatRepTypCd Sync="TRUE" value="001"/></spatRpType><dataExt><geoEle><GeoBndBox esriExtentType="native"><westBL Sync="TRUE">569609.4004</westBL><eastBL Sync="TRUE">734053.5493</eastBL><northBL Sync="TRUE">5431552.4526</northBL><southBL Sync="TRUE">5088368.9864</southBL><exTypeCode Sync="TRUE">1</exTypeCode></GeoBndBox></geoEle></dataExt><geoBox esriExtentType="decdegrees"><westBL Sync="TRUE">-104.101911</westBL><eastBL Sync="TRUE">-101.800287</eastBL><northBL Sync="TRUE">49.032922</northBL><southBL Sync="TRUE">45.909027</southBL><exTypeCode Sync="TRUE">1</exTypeCode></geoBox></dataIdInfo><metainfo><langmeta Sync="TRUE">en</langmeta><metstdn Sync="TRUE">FGDC Content Standards for Digital Geospatial Metadata</metstdn><metstdv Sync="TRUE">FGDC-STD-001-1998</metstdv><mettc Sync="TRUE">local time</mettc><metc><cntinfo><cntorgp><cntper>REQUIRED: The person responsible for the metadata information.</cntper><cntorg>REQUIRED: The organization responsible for the metadata information.</cntorg></cntorgp><cntaddr><addrtype>REQUIRED: The mailing and/or physical address for the organization or individual.</addrtype><city>REQUIRED: The city of the address.</city><state>REQUIRED: The state or province of the address.</state><postal>REQUIRED: The ZIP or other postal code of the address.</postal></cntaddr><cntvoice>REQUIRED: The telephone number by which individuals can speak to the organization or individual.</cntvoice></cntinfo></metc><metd Sync="TRUE">20090320</metd></metainfo><mdLang><languageCode Sync="TRUE" value="eng"/><countryCode value="USA" Sync="TRUE"></countryCode></mdLang><mdStanName Sync="TRUE">ISO 19115 Geographic Information - Metadata</mdStanName><mdStanVer Sync="TRUE">DIS_ESRI1.0</mdStanVer><mdChar><CharSetCd Sync="TRUE" value="004"/></mdChar><mdHrLv><ScopeCd Sync="TRUE" value="005"/></mdHrLv><mdHrLvName Sync="TRUE">dataset</mdHrLvName><distinfo><resdesc Sync="TRUE">Downloadable Data</resdesc></distinfo><distInfo><distributor><distorTran><onLineSrc><orDesc Sync="TRUE">002</orDesc><linkage Sync="TRUE">file://Service=sde:sqlserver:RDS-SQL; Database=AFSsde; User=sde; Version=sde.DEFAULT</linkage><protocol Sync="TRUE">Local Area Network</protocol></onLineSrc></distorTran><distorFormat><formatName Sync="TRUE">SDE Feature Class</formatName></distorFormat></distributor><distFormat><formatName Sync="TRUE">File Geodatabase Feature Class</formatName></distFormat></distInfo><spdoinfo><direct Sync="TRUE">Vector</direct><ptvctinf><esriterm Name="NE_strata"><efeatyp Sync="TRUE">Simple</efeatyp><efeageom code="4" Sync="TRUE"></efeageom><esritopo Sync="TRUE">FALSE</esritopo><efeacnt Sync="TRUE">0</efeacnt><spindex Sync="TRUE">TRUE</spindex><linrefer Sync="TRUE">FALSE</linrefer></esriterm></ptvctinf></spdoinfo><spref><horizsys><cordsysn><geogcsn Sync="TRUE">GCS_North_American_1983</geogcsn><projcsn Sync="TRUE">NAD_1983_UTM_Zone_13N</projcsn></cordsysn><geodetic><horizdn Sync="TRUE">North American Datum of 1983</horizdn><ellips Sync="TRUE">Geodetic Reference System 80</ellips><semiaxis Sync="TRUE">6378137.000000</semiaxis><denflat Sync="TRUE">298.257222</denflat></geodetic></horizsys><vertdef><altsys><altenc Sync="TRUE">Explicit elevation coordinate included with horizontal coordinates</altenc><altres Sync="TRUE">1.000000</altres></altsys></vertdef></spref><refSysInfo><RefSystem><refSysID><identCode Sync="TRUE" code="4269">NAD_1983_UTM_Zone_13N</identCode><idCodeSpace Sync="TRUE">EPSG</idCodeSpace><idVersion Sync="TRUE">8.6.2</idVersion></refSysID></RefSystem></refSysInfo><spatRepInfo><VectSpatRep><geometObjs Name="NE_strata"><geoObjTyp><GeoObjTypCd value="002" Sync="TRUE"></GeoObjTypCd></geoObjTyp><geoObjCnt Sync="TRUE">0</geoObjCnt></geometObjs><topLvl><TopoLevCd value="001" Sync="TRUE"></TopoLevCd></topLvl></VectSpatRep></spatRepInfo><eainfo><detailed Name="NE_strata"><enttyp><enttypl Sync="TRUE">NE_strata</enttypl><enttypt Sync="TRUE">Feature Class</enttypt><enttypc Sync="TRUE">0</enttypc></enttyp><attr><attrlabl Sync="TRUE">OBJECTID</attrlabl><attalias Sync="TRUE">OBJECTID</attalias><attrtype Sync="TRUE">OID</attrtype><attwidth Sync="TRUE">4</attwidth><atprecis Sync="TRUE">0</atprecis><attscale Sync="TRUE">0</attscale><attrdef Sync="TRUE">Internal feature number.</attrdef><attrdefs Sync="TRUE">ESRI</attrdefs><attrdomv><udom Sync="TRUE">Sequential unique whole numbers that are automatically generated.</udom></attrdomv></attr><attr><attrlabl Sync="TRUE">Strata</attrlabl><attalias Sync="TRUE">Strata</attalias><attrtype Sync="TRUE">SmallInteger</attrtype><attwidth Sync="TRUE">2</attwidth><atprecis Sync="TRUE">0</atprecis><attscale Sync="TRUE">0</attscale></attr><attr><attrlabl Sync="TRUE">SHAPE</attrlabl><attalias Sync="TRUE">Shape</attalias><attrtype Sync="TRUE">Geometry</attrtype><attwidth Sync="TRUE">0</attwidth><atprecis Sync="TRUE">0</atprecis><attscale Sync="TRUE">0</attscale><attrdef Sync="TRUE">Feature geometry.</attrdef><attrdefs Sync="TRUE">ESRI</attrdefs><attrdomv><udom Sync="TRUE">Coordinates defining the features.</udom></attrdomv></attr><subtype><stname Sync="TRUE">Wyoming</stname><stcode Sync="TRUE">56</stcode><stfield><stfldnm Sync="TRUE">St_FIPS</stfldnm><stflddv Sync="TRUE">56</stflddv></stfield><stfield><stfldnm Sync="TRUE">Strata</stfldnm><stflddd><domname Sync="TRUE">WY</domname><domdesc Sync="TRUE">Wyoming Strata 1985</domdesc><domtype Sync="TRUE">Coded Value</domtype><mrgtype Sync="TRUE">Default value</mrgtype><splttype Sync="TRUE">Duplicate</splttype><domowner Sync="TRUE"></domowner><domfldtp Sync="TRUE">SmallInteger</domfldtp></stflddd></stfield></subtype><subtype><stname Sync="TRUE">null</stname><stcode Sync="TRUE">0</stcode><stfield><stfldnm Sync="TRUE">Strata</stfldnm><stflddd><domname Sync="TRUE">WY</domname><domdesc Sync="TRUE">Wyoming Strata 1985</domdesc><domtype Sync="TRUE">Coded Value</domtype><mrgtype Sync="TRUE">Default value</mrgtype><splttype Sync="TRUE">Duplicate</splttype><domowner Sync="TRUE"></domowner><domfldtp Sync="TRUE">SmallInteger</domfldtp></stflddd></stfield></subtype><subtype><stname Sync="TRUE">North Dakota</stname><stcode Sync="TRUE">38</stcode><stfield><stfldnm Sync="TRUE">St_FIPS</stfldnm><stflddv Sync="TRUE">38</stflddv></stfield><stfield><stfldnm Sync="TRUE">Strata</stfldnm><stflddd><domname Sync="TRUE">ND</domname><domdesc Sync="TRUE">North Dakota Strata 2011 </domdesc><domtype Sync="TRUE">Coded Value</domtype><mrgtype Sync="TRUE">Default value</mrgtype><splttype Sync="TRUE">Duplicate</splttype><domowner Sync="TRUE"></domowner><domfldtp Sync="TRUE">SmallInteger</domfldtp></stflddd></stfield></subtype><attr><attrlabl Sync="TRUE">Shape_Length</attrlabl><attalias Sync="TRUE">Shape_Length</attalias><attrtype Sync="TRUE">Double</attrtype><attwidth Sync="TRUE">8</attwidth><atprecis Sync="TRUE">0</atprecis><attscale Sync="TRUE">0</attscale><attrdef Sync="TRUE">Length of feature in internal units.</attrdef><attrdefs Sync="TRUE">Esri</attrdefs><attrdomv><udom Sync="TRUE">Positive real numbers that are automatically generated.</udom></attrdomv></attr><attr><attrlabl Sync="TRUE">Shape_Area</attrlabl><attalias Sync="TRUE">Shape_Area</attalias><attrtype Sync="TRUE">Double</attrtype><attwidth Sync="TRUE">8</attwidth><atprecis Sync="TRUE">0</atprecis><attscale Sync="TRUE">0</attscale><attrdef Sync="TRUE">Area of feature in internal units squared.</attrdef><attrdefs Sync="TRUE">Esri</attrdefs><attrdomv><udom Sync="TRUE">Positive real numbers that are automatically generated.</udom></attrdomv></attr><subtype><stname Sync="TRUE">Texas</stname><stcode Sync="TRUE">48</stcode><stfield><stfldnm Sync="TRUE">St_FIPS</stfldnm><stflddv Sync="TRUE">48</stflddv></stfield><stfield><stfldnm Sync="TRUE">Strata</stfldnm><stflddd><domname Sync="TRUE">WTX 2016</domname><domdesc Sync="TRUE">Working Strata Texas z13</domdesc><domtype Sync="TRUE">Coded Value</domtype><mrgtype Sync="TRUE">Default value</mrgtype><splttype Sync="TRUE">Duplicate</splttype><domowner Sync="TRUE"></domowner><domfldtp Sync="TRUE">SmallInteger</domfldtp></stflddd></stfield></subtype><subtype><stname Sync="TRUE">New Mexico</stname><stcode Sync="TRUE">35</stcode><stfield><stfldnm Sync="TRUE">St_FIPS</stfldnm><stflddv Sync="TRUE">35</stflddv></stfield><stfield><stfldnm Sync="TRUE">Strata</stfldnm><stflddd><domname Sync="TRUE">NM</domname><domdesc Sync="TRUE">New Mexico 1985</domdesc><domtype Sync="TRUE">Coded Value</domtype><mrgtype Sync="TRUE">Default value</mrgtype><splttype Sync="TRUE">Duplicate</splttype><domowner Sync="TRUE"></domowner><domfldtp Sync="TRUE">SmallInteger</domfldtp></stflddd></stfield></subtype><subtype><stname Sync="TRUE">Oklahoma</stname><stcode Sync="TRUE">40</stcode><stfield><stfldnm Sync="TRUE">St_FIPS</stfldnm><stflddv Sync="TRUE">40</stflddv></stfield><stfield><stfldnm Sync="TRUE">Strata</stfldnm><stflddd><domname Sync="TRUE">OKs</domname><domdesc Sync="TRUE">Oklahoma Strata 1993</domdesc><domtype Sync="TRUE">Coded Value</domtype><mrgtype Sync="TRUE">Default value</mrgtype><splttype Sync="TRUE">Duplicate</splttype><domowner Sync="TRUE"></domowner><domfldtp Sync="TRUE">SmallInteger</domfldtp></stflddd></stfield></subtype><subtype><stname Sync="TRUE">Colorado</stname><stcode Sync="TRUE">8</stcode><stfield><stfldnm Sync="TRUE">St_FIPS</stfldnm><stflddv Sync="TRUE">08</stflddv></stfield><stfield><stfldnm Sync="TRUE">Strata</stfldnm><stflddd><domname Sync="TRUE">CO</domname><domdesc Sync="TRUE">Colorado Strata 1984</domdesc><domtype Sync="TRUE">Coded Value</domtype><mrgtype Sync="TRUE">Default value</mrgtype><splttype Sync="TRUE">Duplicate</splttype><domowner Sync="TRUE"></domowner><domfldtp Sync="TRUE">SmallInteger</domfldtp></stflddd></stfield></subtype><subtype><stname Sync="TRUE">Nebraska</stname><stcode Sync="TRUE">31</stcode><stfield><stfldnm Sync="TRUE">St_FIPS</stfldnm><stflddv Sync="TRUE">31</stflddv></stfield><stfield><stfldnm Sync="TRUE">Strata</stfldnm><stflddd><domname Sync="TRUE">NE 2016</domname><domdesc Sync="TRUE">2016 Nebraska Strata</domdesc><domtype Sync="TRUE">Coded Value</domtype><mrgtype Sync="TRUE">Default value</mrgtype><splttype Sync="TRUE">Duplicate</splttype><domowner Sync="TRUE"></domowner><domfldtp Sync="TRUE">SmallInteger</domfldtp></stflddd></stfield></subtype><attr><attrlabl Sync="TRUE">SUM_PSU_Acres</attrlabl><attalias Sync="TRUE">SUM_PSU_Acres</attalias><attrtype Sync="TRUE">Double</attrtype><attwidth Sync="TRUE">8</attwidth><atprecis Sync="TRUE">0</atprecis><attscale Sync="TRUE">0</attscale></attr><subtype><stname Sync="TRUE">South Dakota</stname><stcode Sync="TRUE">46</stcode><stfield><stfldnm Sync="TRUE">St_FIPS</stfldnm><stflddv Sync="TRUE">46</stflddv></stfield><stfield><stfldnm Sync="TRUE">Strata</stfldnm><stflddd><domname Sync="TRUE">SD</domname><domdesc Sync="TRUE">South Dakota Strata 2008</domdesc><domtype Sync="TRUE">Coded Value</domtype><mrgtype Sync="TRUE">Default value</mrgtype><splttype Sync="TRUE">Duplicate</splttype><domowner Sync="TRUE"></domowner><domfldtp Sync="TRUE">SmallInteger</domfldtp></stflddd></stfield></subtype><subtype><stname Sync="TRUE">Montana</stname><stcode Sync="TRUE">30</stcode><stfield><stfldnm Sync="TRUE">St_FIPS</stfldnm><stflddv Sync="TRUE">30</stflddv></stfield><stfield><stfldnm Sync="TRUE">Strata</stfldnm><stflddd><domname Sync="TRUE">MT</domname><domdesc Sync="TRUE">Montana Strata 1986</domdesc><domtype Sync="TRUE">Coded Value</domtype><mrgtype Sync="TRUE">Default value</mrgtype><splttype Sync="TRUE">Duplicate</splttype><domowner Sync="TRUE"></domowner><domfldtp Sync="TRUE">SmallInteger</domfldtp></stflddd></stfield></subtype></detailed></eainfo><mdDateSt Sync="TRUE">20190613</mdDateSt></metadata>
