region_short,region,NCA4
AK,alaska,non
AL,alabama,SE
AR,arkansas,SE
AZ,arizona,SW
CA,california,SW
CO,colorado,SW
CT,connecticut,NE
DC,district of columbia,NE
DE,delaware,NE
FL,florida,SE
GA,georgia,SE
HI,hawaii,non
IA,iowa,MW
ID,idaho,NW
IL,illinois,MW
IN,indiana,MW
KS,kansas,SGP
KY,kentucky,SE
LA,louisiana,SE
MA,massachusetts,NE
MD,maryland,NE
ME,maine,NE
MI,michigan,MW
MN,minnesota,MW
MO,missouri,MW
MS,mississippi,SE
MT,montana,NGP
NC,north carolina,SE
ND,north dakota,NGP
NE,nebraska,NGP
NH,new hampshire,NE
NJ,new jersey,NE
NM,new mexico,SW
NV,nevada,SW
NY,new york,NE
OH,ohio,MW
OK,oklahoma,SGP
OR,oregon,NW
PA,pennsylvania,NE
RI,rhode island,NE
SC,south carolina,SE
SD,south dakota,NGP
TN,tennessee,SE
TX,texas,SGP
UT,utah,SW
VA,virginia,SE
VT,vermont,NE
WA,washington,NW
WI,wisconsin,MW
WV,west virginia,NE
WY,wyoming,NGP
