<?xml version="1.0" encoding="UTF-8"?>
<scenario>
   <world>
      <global-technology-database>         
         <location-info sector-name="electricity" subsector-name="wind">
            <intermittent-technology name="wind">
               <period year="2010">
                  <input-capital name="capital">
                     <capital-overnight>620</capital-overnight>
                  </input-capital>
               </period>
               <period year="2015">
                  <input-capital name="capital">
                     <capital-overnight>425</capital-overnight>
                  </input-capital>
               </period>
               <period year="2020">
                  <input-capital name="capital">
                     <capital-overnight>386</capital-overnight>
                  </input-capital>
               </period>
               <period year="2025">
                  <input-capital name="capital">
                     <capital-overnight>367</capital-overnight>
                  </input-capital>
               </period>
               <period year="2030">
                  <input-capital name="capital">
                     <capital-overnight>324</capital-overnight>
                  </input-capital>
               </period>
               <period year="2035">
                  <input-capital name="capital">
                     <capital-overnight>337</capital-overnight>
                  </input-capital>
               </period>
               <period year="2040">
                  <input-capital name="capital">
                     <capital-overnight>342</capital-overnight>
                  </input-capital>
               </period>
               <period year="2045">
                  <input-capital name="capital">
                     <capital-overnight>338</capital-overnight>
                  </input-capital>
               </period>
               <period year="2050">
                  <input-capital name="capital">
                     <capital-overnight>328</capital-overnight>
                  </input-capital>
               </period>
            </intermittent-technology>
         </location-info>
         <location-info sector-name="electricity" subsector-name="solar">
            <intermittent-technology name="PV">
               <period year="2010">
                  <input-capital name="capital">
                     <capital-overnight>578</capital-overnight>
                  </input-capital>
               </period>
               <period year="2015">
                  <input-capital name="capital">
                     <capital-overnight>402</capital-overnight>
                  </input-capital>
               </period>
               <period year="2020">
                  <input-capital name="capital">
                     <capital-overnight>182</capital-overnight>
                  </input-capital>
               </period>
               <period year="2025">
                  <input-capital name="capital">
                     <capital-overnight>158</capital-overnight>
                  </input-capital>
               </period>
               <period year="2030">
                  <input-capital name="capital">
                     <capital-overnight>134</capital-overnight>
                  </input-capital>
               </period>
               <period year="2035">
                  <input-capital name="capital">
                     <capital-overnight>120</capital-overnight>
                  </input-capital>
               </period>
               <period year="2040">
                  <input-capital name="capital">
                     <capital-overnight>107</capital-overnight>
                  </input-capital>
               </period>
               <period year="2045">
                  <input-capital name="capital">
                     <capital-overnight>94</capital-overnight>
                  </input-capital>
               </period>
               <period year="2050">
                  <input-capital name="capital">
                     <capital-overnight>80</capital-overnight>
                  </input-capital>
               </period>
            </intermittent-technology>         
         </location-info>
      </global-technology-database>
   </world>
</scenario>
