<?xml version="1.0" encoding="UTF-8"?>
<scenario>
   <world>
      <global-technology-database>
         
         
         
         <location-info sector-name="electricity" subsector-name="wind">
            <intermittent-technology name="wind">
               <period year="1975">
                  <input-capital name="capital">
                     <capital-overnight>521.095457951</capital-overnight>
                  </input-capital>
               </period>
               <period year="1990">
                  <input-capital name="capital">
                     <capital-overnight>521.095457951</capital-overnight>
                  </input-capital>
               </period>
               <period year="2005">
                  <input-capital name="capital">
                     <capital-overnight>521.095457951</capital-overnight>
                  </input-capital>
               </period>
               <period year="2010">
                  <input-capital name="capital">
                     <capital-overnight>521.095457951</capital-overnight>
                  </input-capital>
               </period>
               <period year="2015">
                  <input-capital name="capital">
                     <capital-overnight>521.095457951</capital-overnight>
                  </input-capital>
               </period>
               <period year="2020">
                  <input-capital name="capital">
                     <capital-overnight>412.344591927528</capital-overnight>
                  </input-capital>
               </period>
               <period year="2025">
                  <input-capital name="capital">
                     <capital-overnight>371.15996444832</capital-overnight>
                  </input-capital>
               </period>
               <period year="2030">
                  <input-capital name="capital">
                     <capital-overnight>373.944690308408</capital-overnight>
                  </input-capital>
               </period>
               <period year="2035">
                  <input-capital name="capital">
                     <capital-overnight>371.89278704308</capital-overnight>
                  </input-capital>
               </period>
               <period year="2040">
                  <input-capital name="capital">
                     <capital-overnight>372.127290449376</capital-overnight>
                  </input-capital>
               </period>
               <period year="2045">
                  <input-capital name="capital">
                     <capital-overnight>372.127290449376</capital-overnight>
                  </input-capital>
               </period>
               <period year="2050">
                  <input-capital name="capital">
                     <capital-overnight>372.127290449376</capital-overnight>
                  </input-capital>
               </period>
               <period year="2055">
                  <input-capital name="capital">
                     <capital-overnight>372.127290449376</capital-overnight>
                  </input-capital>
               </period>
               <period year="2060">
                  <input-capital name="capital">
                     <capital-overnight>372.127290449376</capital-overnight>
                  </input-capital>
               </period>
               <period year="2065">
                  <input-capital name="capital">
                     <capital-overnight>372.127290449376</capital-overnight>
                  </input-capital>
               </period>
               <period year="2070">
                  <input-capital name="capital">
                     <capital-overnight>372.127290449376</capital-overnight>
                  </input-capital>
               </period>
               <period year="2075">
                  <input-capital name="capital">
                     <capital-overnight>372.127290449376</capital-overnight>
                  </input-capital>
               </period>
               <period year="2080">
                  <input-capital name="capital">
                     <capital-overnight>372.127290449376</capital-overnight>
                  </input-capital>
               </period>
               <period year="2085">
                  <input-capital name="capital">
                     <capital-overnight>372.127290449376</capital-overnight>
                  </input-capital>
               </period>
               <period year="2090">
                  <input-capital name="capital">
                     <capital-overnight>372.127290449376</capital-overnight>
                  </input-capital>
               </period>
               <period year="2095">
                  <input-capital name="capital">
                     <capital-overnight>372.127290449376</capital-overnight>
                  </input-capital>
               </period>
               <period year="2100">
                  <input-capital name="capital">
                     <capital-overnight>372.127290449376</capital-overnight>
                  </input-capital>
               </period>
            </intermittent-technology>
         </location-info>
         <location-info sector-name="electricity" subsector-name="solar">
            <intermittent-technology name="PV">
               <period year="1975">
                  <input-capital name="capital">
                     <capital-overnight>636.265849845912</capital-overnight>
                  </input-capital>
               </period>
               <period year="1990">
                  <input-capital name="capital">
                     <capital-overnight>636.265849845912</capital-overnight>
                  </input-capital>
               </period>
               <period year="2005">
                  <input-capital name="capital">
                     <capital-overnight>636.265849845912</capital-overnight>
                  </input-capital>
               </period>
               <period year="2010">
                  <input-capital name="capital">
                     <capital-overnight>636.265849845912</capital-overnight>
                  </input-capital>
               </period>
               <period year="2015">
                  <input-capital name="capital">
                     <capital-overnight>636.265849845912</capital-overnight>
                  </input-capital>
               </period>
               <period year="2020">
                  <input-capital name="capital">
                     <capital-overnight>386.344047907856</capital-overnight>
                  </input-capital>
               </period>
               <period year="2025">
                  <input-capital name="capital">
                     <capital-overnight>275.021267527495</capital-overnight>
                  </input-capital>
               </period>
               <period year="2030">
                  <input-capital name="capital">
                     <capital-overnight>225.42735494329</capital-overnight>
                  </input-capital>
               </period>
               <period year="2035">
                  <input-capital name="capital">
                     <capital-overnight>212.132781388784</capital-overnight>
                  </input-capital>
               </period>
               <period year="2040">
                  <input-capital name="capital">
                     <capital-overnight>198.838500975634</capital-overnight>
                  </input-capital>
               </period>
               <period year="2045">
                  <input-capital name="capital">
                     <capital-overnight>198.838500975634</capital-overnight>
                  </input-capital>
               </period>
               <period year="2050">
                  <input-capital name="capital">
                     <capital-overnight>198.838500975634</capital-overnight>
                  </input-capital>
               </period>
               <period year="2055">
                  <input-capital name="capital">
                     <capital-overnight>198.838500975634</capital-overnight>
                  </input-capital>
               </period>
               <period year="2060">
                  <input-capital name="capital">
                     <capital-overnight>198.838500975634</capital-overnight>
                  </input-capital>
               </period>
               <period year="2065">
                  <input-capital name="capital">
                     <capital-overnight>198.838500975634</capital-overnight>
                  </input-capital>
               </period>
               <period year="2070">
                  <input-capital name="capital">
                     <capital-overnight>198.838500975634</capital-overnight>
                  </input-capital>
               </period>
               <period year="2075">
                  <input-capital name="capital">
                     <capital-overnight>198.838500975634</capital-overnight>
                  </input-capital>
               </period>
               <period year="2080">
                  <input-capital name="capital">
                     <capital-overnight>198.838500975634</capital-overnight>
                  </input-capital>
               </period>
               <period year="2085">
                  <input-capital name="capital">
                     <capital-overnight>198.838500975634</capital-overnight>
                  </input-capital>
               </period>
               <period year="2090">
                  <input-capital name="capital">
                     <capital-overnight>198.838500975634</capital-overnight>
                  </input-capital>
               </period>
               <period year="2095">
                  <input-capital name="capital">
                     <capital-overnight>198.838500975634</capital-overnight>
                  </input-capital>
               </period>
               <period year="2100">
                  <input-capital name="capital">
                     <capital-overnight>198.838500975634</capital-overnight>
                  </input-capital>
               </period>
            </intermittent-technology>
            
         </location-info>
      </global-technology-database>
   </world>
</scenario>
